district,date,month,year,visitors,Dates
Adilabad,1/1/2016,January,2016,792136,1/1/2016
Adilabad,1/2/2016,February,2016,937820,2/1/2016
Adilabad,1/3/2016,March,2016,582946,3/1/2016
Adilabad,1/4/2016,April,2016,341948,4/1/2016
Adilabad,1/5/2016,May,2016,252887,5/1/2016
Adilabad,1/6/2016,June,2016,368237,6/1/2016
Adilabad,1/7/2016,July,2016,447562,7/1/2016
Adilabad,1/8/2016,August,2016,614285,8/1/2016
Adilabad,1/9/2016,September,2016,491279,9/1/2016
Adilabad,1/10/2016,October,2016,94184,10/1/2016
Adilabad,1/11/2016,November,2016,99148,11/1/2016
Adilabad,1/12/2016,December,2016,53125,12/1/2016
Bhadradri Kothagudem ,1/1/2016,January,2016,0,1/1/2016
Bhadradri Kothagudem ,1/2/2016,February,2016,0,2/1/2016
Bhadradri Kothagudem ,1/3/2016,March,2016,0,3/1/2016
Bhadradri Kothagudem ,1/4/2016,April,2016,0,4/1/2016
Bhadradri Kothagudem ,1/5/2016,May,2016,0,5/1/2016
Bhadradri Kothagudem ,1/6/2016,June,2016,0,6/1/2016
Bhadradri Kothagudem ,1/7/2016,July,2016,0,7/1/2016
Bhadradri Kothagudem ,1/8/2016,August,2016,0,8/1/2016
Bhadradri Kothagudem ,1/9/2016,September,2016,0,9/1/2016
Bhadradri Kothagudem ,1/10/2016,October,2016,310133,10/1/2016
Bhadradri Kothagudem ,1/11/2016,November,2016,252127,11/1/2016
Bhadradri Kothagudem ,1/12/2016,December,2016,326770,12/1/2016
Hyderabad,1/1/2016,January,2016,1122510,1/1/2016
Hyderabad,1/2/2016,February,2016,778748,2/1/2016
Hyderabad,1/3/2016,March,2016,1017794,3/1/2016
Hyderabad,1/4/2016,April,2016,1127738,4/1/2016
Hyderabad,1/5/2016,May,2016,1287181,5/1/2016
Hyderabad,1/6/2016,June,2016,12032661,6/1/2016
Hyderabad,1/7/2016,July,2016,1096754,7/1/2016
Hyderabad,1/8/2016,August,2016,1061137,8/1/2016
Hyderabad,1/9/2016,September,2016,832987,9/1/2016
Hyderabad,1/10/2016,October,2016,901960,10/1/2016
Hyderabad,1/11/2016,November,2016,909733,11/1/2016
Hyderabad,1/12/2016,December,2016,1225502,12/1/2016
Jagtial ,1/1/2016,January,2016,0,1/1/2016
Jagtial ,1/2/2016,February,2016,0,2/1/2016
Jagtial ,1/3/2016,March,2016,0,3/1/2016
Jagtial ,1/4/2016,April,2016,0,4/1/2016
Jagtial ,1/5/2016,May,2016,0,5/1/2016
Jagtial ,1/6/2016,June,2016,0,6/1/2016
Jagtial ,1/7/2016,July,2016,0,7/1/2016
Jagtial ,1/8/2016,August,2016,0,8/1/2016
Jagtial ,1/9/2016,September,2016,0,9/1/2016
Jagtial ,1/10/2016,October,2016,201249,10/1/2016
Jagtial ,1/11/2016,November,2016,214534,11/1/2016
Jagtial ,1/12/2016,December,2016,207294,12/1/2016
Jangaon ,1/1/2016,January,2016,0,1/1/2016
Jangaon ,1/2/2016,February,2016,0,2/1/2016
Jangaon ,1/3/2016,March,2016,0,3/1/2016
Jangaon ,1/4/2016,April,2016,0,4/1/2016
Jangaon ,1/5/2016,May,2016,0,5/1/2016
Jangaon ,1/6/2016,June,2016,0,6/1/2016
Jangaon ,1/7/2016,July,2016,0,7/1/2016
Jangaon ,1/8/2016,August,2016,0,8/1/2016
Jangaon ,1/9/2016,September,2016,0,9/1/2016
Jangaon ,1/10/2016,October,2016,14770,10/1/2016
Jangaon ,1/11/2016,November,2016,13210,11/1/2016
Jangaon ,1/12/2016,December,2016,12680,12/1/2016
Jayashankar Bhoopalpally,1/1/2016,January,2016,0,1/1/2016
Jayashankar Bhoopalpally,1/2/2016,February,2016,0,2/1/2016
Jayashankar Bhoopalpally,1/3/2016,March,2016,0,3/1/2016
Jayashankar Bhoopalpally,1/4/2016,April,2016,0,4/1/2016
Jayashankar Bhoopalpally,1/5/2016,May,2016,0,5/1/2016
Jayashankar Bhoopalpally,1/6/2016,June,2016,0,6/1/2016
Jayashankar Bhoopalpally,1/7/2016,July,2016,0,7/1/2016
Jayashankar Bhoopalpally,1/8/2016,August,2016,0,8/1/2016
Jayashankar Bhoopalpally,1/9/2016,September,2016,0,9/1/2016
Jayashankar Bhoopalpally,1/10/2016,October,2016,76360,10/1/2016
Jayashankar Bhoopalpally,1/11/2016,November,2016,81580,11/1/2016
Jayashankar Bhoopalpally,1/12/2016,December,2016,85460,12/1/2016
Jogulamba Gadwal ,1/1/2016,January,2016,0,1/1/2016
Jogulamba Gadwal ,1/2/2016,February,2016,0,2/1/2016
Jogulamba Gadwal ,1/3/2016,March,2016,0,3/1/2016
Jogulamba Gadwal ,1/4/2016,April,2016,0,4/1/2016
Jogulamba Gadwal ,1/5/2016,May,2016,0,5/1/2016
Jogulamba Gadwal ,1/6/2016,June,2016,0,6/1/2016
Jogulamba Gadwal ,1/7/2016,July,2016,0,7/1/2016
Jogulamba Gadwal ,1/8/2016,August,2016,0,8/1/2016
Jogulamba Gadwal ,1/9/2016,September,2016,0,9/1/2016
Jogulamba Gadwal ,1/10/2016,October,2016,152898,10/1/2016
Jogulamba Gadwal ,1/11/2016,November,2016,188170,11/1/2016
Jogulamba Gadwal ,1/12/2016,December,2016,182333,12/1/2016
Kamareddy ,1/1/2016,January,2016,0,1/1/2016
Kamareddy ,1/2/2016,February,2016,0,2/1/2016
Kamareddy ,1/3/2016,March,2016,0,3/1/2016
Kamareddy ,1/4/2016,April,2016,0,4/1/2016
Kamareddy ,1/5/2016,May,2016,0,5/1/2016
Kamareddy ,1/6/2016,June,2016,0,6/1/2016
Kamareddy ,1/7/2016,July,2016,0,7/1/2016
Kamareddy ,1/8/2016,August,2016,0,8/1/2016
Kamareddy ,1/9/2016,September,2016,0,9/1/2016
Kamareddy ,1/10/2016,October,2016,47,10/1/2016
Kamareddy ,1/11/2016,November,2016,38,11/1/2016
Kamareddy ,1/12/2016,December,2016,42,12/1/2016
Karimnagar ,1/1/2016,January,2016,1984442,1/1/2016
Karimnagar ,1/2/2016,February,2016,779960,2/1/2016
Karimnagar ,1/3/2016,March,2016,1018399,3/1/2016
Karimnagar ,1/4/2016,April,2016,956959,4/1/2016
Karimnagar ,1/5/2016,May,2016,1095642,5/1/2016
Karimnagar ,1/6/2016,June,2016,914746,6/1/2016
Karimnagar ,1/7/2016,July,2016,401047,7/1/2016
Karimnagar ,1/8/2016,August,2016,1018399,8/1/2016
Karimnagar ,1/9/2016,September,2016,956959,9/1/2016
Karimnagar ,1/10/2016,October,2016,13675,10/1/2016
Karimnagar ,1/11/2016,November,2016,13350,11/1/2016
Karimnagar ,1/12/2016,December,2016,13890,12/1/2016
Khammam,1/1/2016,January,2016,651827,1/1/2016
Khammam,1/2/2016,February,2016,407533,2/1/2016
Khammam,1/3/2016,March,2016,458527,3/1/2016
Khammam,1/4/2016,April,2016,971622,4/1/2016
Khammam,1/5/2016,May,2016,433994,5/1/2016
Khammam,1/6/2016,June,2016,445862,6/1/2016
Khammam,1/7/2016,July,2016,414963,7/1/2016
Khammam,1/8/2016,August,2016,503654,8/1/2016
Khammam,1/9/2016,September,2016,368437,9/1/2016
Khammam,1/10/2016,October,2016,121575,10/1/2016
Khammam,1/11/2016,November,2016,110634,11/1/2016
Khammam,1/12/2016,December,2016,116403,12/1/2016
Komaram Bheem Asifabad,1/1/2016,January,2016,0,1/1/2016
Komaram Bheem Asifabad,1/2/2016,February,2016,0,2/1/2016
Komaram Bheem Asifabad,1/3/2016,March,2016,0,3/1/2016
Komaram Bheem Asifabad,1/4/2016,April,2016,0,4/1/2016
Komaram Bheem Asifabad,1/5/2016,May,2016,0,5/1/2016
Komaram Bheem Asifabad,1/6/2016,June,2016,0,6/1/2016
Komaram Bheem Asifabad,1/7/2016,July,2016,0,7/1/2016
Komaram Bheem Asifabad,1/8/2016,August,2016,0,8/1/2016
Komaram Bheem Asifabad,1/9/2016,September,2016,0,9/1/2016
Komaram Bheem Asifabad,1/10/2016,October,2016,0,10/1/2016
Komaram Bheem Asifabad,1/11/2016,November,2016,0,11/1/2016
Komaram Bheem Asifabad,1/12/2016,December,2016,0,12/1/2016
Mahabubabad ,1/1/2016,January,2016,0,1/1/2016
Mahabubabad ,1/2/2016,February,2016,0,2/1/2016
Mahabubabad ,1/3/2016,March,2016,0,3/1/2016
Mahabubabad ,1/4/2016,April,2016,0,4/1/2016
Mahabubabad ,1/5/2016,May,2016,0,5/1/2016
Mahabubabad ,1/6/2016,June,2016,0,6/1/2016
Mahabubabad ,1/7/2016,July,2016,0,7/1/2016
Mahabubabad ,1/8/2016,August,2016,0,8/1/2016
Mahabubabad ,1/9/2016,September,2016,0,9/1/2016
Mahabubabad ,1/10/2016,October,2016,13032,10/1/2016
Mahabubabad ,1/11/2016,November,2016,114015,11/1/2016
Mahabubabad ,1/12/2016,December,2016,12955,12/1/2016
Mahbubnagar,1/1/2016,January,2016,577071,1/1/2016
Mahbubnagar,1/2/2016,February,2016,1312068,2/1/2016
Mahbubnagar,1/3/2016,March,2016,1731983,3/1/2016
Mahbubnagar,1/4/2016,April,2016,622432,4/1/2016
Mahbubnagar,1/5/2016,May,2016,571898,5/1/2016
Mahbubnagar,1/6/2016,June,2016,561006,6/1/2016
Mahbubnagar,1/7/2016,July,2016,562322,7/1/2016
Mahbubnagar,1/8/2016,August,2016,1133105,8/1/2016
Mahbubnagar,1/9/2016,September,2016,567712,9/1/2016
Mahbubnagar,1/10/2016,October,2016,198592,10/1/2016
Mahbubnagar,1/11/2016,November,2016,256375,11/1/2016
Mahbubnagar,1/12/2016,December,2016,210202,12/1/2016
Mancherial,1/1/2016,January,2016,0,1/1/2016
Mancherial,1/2/2016,February,2016,0,2/1/2016
Mancherial,1/3/2016,March,2016,0,3/1/2016
Mancherial,1/4/2016,April,2016,0,4/1/2016
Mancherial,1/5/2016,May,2016,0,5/1/2016
Mancherial,1/6/2016,June,2016,0,6/1/2016
Mancherial,1/7/2016,July,2016,0,7/1/2016
Mancherial,1/8/2016,August,2016,0,8/1/2016
Mancherial,1/9/2016,September,2016,0,9/1/2016
Mancherial,1/10/2016,October,2016,3124,10/1/2016
Mancherial,1/11/2016,November,2016,2255,11/1/2016
Mancherial,1/12/2016,December,2016,2423,12/1/2016
Medak ,1/1/2016,January,2016,92600,1/1/2016
Medak ,1/2/2016,February,2016,215000,2/1/2016
Medak ,1/3/2016,March,2016,1318000,3/1/2016
Medak ,1/4/2016,April,2016,300000,4/1/2016
Medak ,1/5/2016,May,2016,198000,5/1/2016
Medak ,1/6/2016,June,2016,166700,6/1/2016
Medak ,1/7/2016,July,2016,153300,7/1/2016
Medak ,1/8/2016,August,2016,216100,8/1/2016
Medak ,1/9/2016,September,2016,132600,9/1/2016
Medak ,1/10/2016,October,2016,15600,10/1/2016
Medak ,1/11/2016,November,2016,132300,11/1/2016
Medak ,1/12/2016,December,2016,523000,12/1/2016
Medchal ,1/1/2016,January,2016,0,1/1/2016
Medchal ,1/2/2016,February,2016,0,2/1/2016
Medchal ,1/3/2016,March,2016,0,3/1/2016
Medchal ,1/4/2016,April,2016,0,4/1/2016
Medchal ,1/5/2016,May,2016,0,5/1/2016
Medchal ,1/6/2016,June,2016,0,6/1/2016
Medchal ,1/7/2016,July,2016,0,7/1/2016
Medchal ,1/8/2016,August,2016,0,8/1/2016
Medchal ,1/9/2016,September,2016,0,9/1/2016
Medchal ,1/10/2016,October,2016,0,10/1/2016
Medchal ,1/11/2016,November,2016,0,11/1/2016
Medchal ,1/12/2016,December,2016,0,12/1/2016
Nagarkurnool ,1/1/2016,January,2016,0,1/1/2016
Nagarkurnool ,1/2/2016,February,2016,0,2/1/2016
Nagarkurnool ,1/3/2016,March,2016,0,3/1/2016
Nagarkurnool ,1/4/2016,April,2016,0,4/1/2016
Nagarkurnool ,1/5/2016,May,2016,0,5/1/2016
Nagarkurnool ,1/6/2016,June,2016,0,6/1/2016
Nagarkurnool ,1/7/2016,July,2016,0,7/1/2016
Nagarkurnool ,1/8/2016,August,2016,0,8/1/2016
Nagarkurnool ,1/9/2016,September,2016,0,9/1/2016
Nagarkurnool ,1/10/2016,October,2016,201050,10/1/2016
Nagarkurnool ,1/11/2016,November,2016,188786,11/1/2016
Nagarkurnool ,1/12/2016,December,2016,198637,12/1/2016
Nalgonda,1/1/2016,January,2016,566515,1/1/2016
Nalgonda,1/2/2016,February,2016,539467,2/1/2016
Nalgonda,1/3/2016,March,2016,619462,3/1/2016
Nalgonda,1/4/2016,April,2016,601253,4/1/2016
Nalgonda,1/5/2016,May,2016,628872,5/1/2016
Nalgonda,1/6/2016,June,2016,551239,6/1/2016
Nalgonda,1/7/2016,July,2016,582820,7/1/2016
Nalgonda,1/8/2016,August,2016,988102,8/1/2016
Nalgonda,1/9/2016,September,2016,742402,9/1/2016
Nalgonda,1/10/2016,October,2016,3508,10/1/2016
Nalgonda,1/11/2016,November,2016,21046,11/1/2016
Nalgonda,1/12/2016,December,2016,13775,12/1/2016
Nirmal,1/1/2016,January,2016,0,1/1/2016
Nirmal,1/2/2016,February,2016,0,2/1/2016
Nirmal,1/3/2016,March,2016,0,3/1/2016
Nirmal,1/4/2016,April,2016,0,4/1/2016
Nirmal,1/5/2016,May,2016,0,5/1/2016
Nirmal,1/6/2016,June,2016,0,6/1/2016
Nirmal,1/7/2016,July,2016,0,7/1/2016
Nirmal,1/8/2016,August,2016,0,8/1/2016
Nirmal,1/9/2016,September,2016,0,9/1/2016
Nirmal,1/10/2016,October,2016,475955,10/1/2016
Nirmal,1/11/2016,November,2016,201388,11/1/2016
Nirmal,1/12/2016,December,2016,239267,12/1/2016
Nizamabad,1/1/2016,January,2016,576,1/1/2016
Nizamabad,1/2/2016,February,2016,869,2/1/2016
Nizamabad,1/3/2016,March,2016,408,3/1/2016
Nizamabad,1/4/2016,April,2016,476,4/1/2016
Nizamabad,1/5/2016,May,2016,554,5/1/2016
Nizamabad,1/6/2016,June,2016,367,6/1/2016
Nizamabad,1/7/2016,July,2016,644,7/1/2016
Nizamabad,1/8/2016,August,2016,589,8/1/2016
Nizamabad,1/9/2016,September,2016,553,9/1/2016
Nizamabad,1/10/2016,October,2016,434,10/1/2016
Nizamabad,1/11/2016,November,2016,617,11/1/2016
Nizamabad,1/12/2016,December,2016,355,12/1/2016
Peddapalli,1/1/2016,January,2016,0,1/1/2016
Peddapalli,1/2/2016,February,2016,0,2/1/2016
Peddapalli,1/3/2016,March,2016,0,3/1/2016
Peddapalli,1/4/2016,April,2016,0,4/1/2016
Peddapalli,1/5/2016,May,2016,0,5/1/2016
Peddapalli,1/6/2016,June,2016,0,6/1/2016
Peddapalli,1/7/2016,July,2016,0,7/1/2016
Peddapalli,1/8/2016,August,2016,0,8/1/2016
Peddapalli,1/9/2016,September,2016,0,9/1/2016
Peddapalli,1/10/2016,October,2016,950,10/1/2016
Peddapalli,1/11/2016,November,2016,1145,11/1/2016
Peddapalli,1/12/2016,December,2016,1149,12/1/2016
Rajanna Sircilla ,1/1/2016,January,2016,0,1/1/2016
Rajanna Sircilla ,1/2/2016,February,2016,0,2/1/2016
Rajanna Sircilla ,1/3/2016,March,2016,0,3/1/2016
Rajanna Sircilla ,1/4/2016,April,2016,0,4/1/2016
Rajanna Sircilla ,1/5/2016,May,2016,0,5/1/2016
Rajanna Sircilla ,1/6/2016,June,2016,0,6/1/2016
Rajanna Sircilla ,1/7/2016,July,2016,0,7/1/2016
Rajanna Sircilla ,1/8/2016,August,2016,0,8/1/2016
Rajanna Sircilla ,1/9/2016,September,2016,0,9/1/2016
Rajanna Sircilla ,1/10/2016,October,2016,534484,10/1/2016
Rajanna Sircilla ,1/11/2016,November,2016,864077,11/1/2016
Rajanna Sircilla ,1/12/2016,December,2016,778240,12/1/2016
Ranga Reddy,1/1/2016,January,2016,0,1/1/2016
Ranga Reddy,1/2/2016,February,2016,0,2/1/2016
Ranga Reddy,1/3/2016,March,2016,0,3/1/2016
Ranga Reddy,1/4/2016,April,2016,0,4/1/2016
Ranga Reddy,1/5/2016,May,2016,0,5/1/2016
Ranga Reddy,1/6/2016,June,2016,0,6/1/2016
Ranga Reddy,1/7/2016,July,2016,0,7/1/2016
Ranga Reddy,1/8/2016,August,2016,0,8/1/2016
Ranga Reddy,1/9/2016,September,2016,0,9/1/2016
Ranga Reddy,1/10/2016,October,2016,0,10/1/2016
Ranga Reddy,1/11/2016,November,2016,0,11/1/2016
Ranga Reddy,1/12/2016,December,2016,0,12/1/2016
Sangareddy ,1/1/2016,January,2016,0,1/1/2016
Sangareddy ,1/2/2016,February,2016,0,2/1/2016
Sangareddy ,1/3/2016,March,2016,0,3/1/2016
Sangareddy ,1/4/2016,April,2016,0,4/1/2016
Sangareddy ,1/5/2016,May,2016,0,5/1/2016
Sangareddy ,1/6/2016,June,2016,0,6/1/2016
Sangareddy ,1/7/2016,July,2016,0,7/1/2016
Sangareddy ,1/8/2016,August,2016,0,8/1/2016
Sangareddy ,1/9/2016,September,2016,0,9/1/2016
Sangareddy ,1/10/2016,October,2016,274000,10/1/2016
Sangareddy ,1/11/2016,November,2016,349000,11/1/2016
Sangareddy ,1/12/2016,December,2016,155000,12/1/2016
Siddipet,1/1/2016,January,2016,0,1/1/2016
Siddipet,1/2/2016,February,2016,0,2/1/2016
Siddipet,1/3/2016,March,2016,0,3/1/2016
Siddipet,1/4/2016,April,2016,0,4/1/2016
Siddipet,1/5/2016,May,2016,0,5/1/2016
Siddipet,1/6/2016,June,2016,0,6/1/2016
Siddipet,1/7/2016,July,2016,0,7/1/2016
Siddipet,1/8/2016,August,2016,0,8/1/2016
Siddipet,1/9/2016,September,2016,0,9/1/2016
Siddipet,1/10/2016,October,2016,123500,10/1/2016
Siddipet,1/11/2016,November,2016,154400,11/1/2016
Siddipet,1/12/2016,December,2016,80500,12/1/2016
Suryapet,1/1/2016,January,2016,0,1/1/2016
Suryapet,1/2/2016,February,2016,0,2/1/2016
Suryapet,1/3/2016,March,2016,0,3/1/2016
Suryapet,1/4/2016,April,2016,0,4/1/2016
Suryapet,1/5/2016,May,2016,0,5/1/2016
Suryapet,1/6/2016,June,2016,0,6/1/2016
Suryapet,1/7/2016,July,2016,0,7/1/2016
Suryapet,1/8/2016,August,2016,0,8/1/2016
Suryapet,1/9/2016,September,2016,0,9/1/2016
Suryapet,1/10/2016,October,2016,0,10/1/2016
Suryapet,1/11/2016,November,2016,0,11/1/2016
Suryapet,1/12/2016,December,2016,0,12/1/2016
Vikarabad,1/1/2016,January,2016,0,1/1/2016
Vikarabad,1/2/2016,February,2016,0,2/1/2016
Vikarabad,1/3/2016,March,2016,0,3/1/2016
Vikarabad,1/4/2016,April,2016,0,4/1/2016
Vikarabad,1/5/2016,May,2016,0,5/1/2016
Vikarabad,1/6/2016,June,2016,0,6/1/2016
Vikarabad,1/7/2016,July,2016,0,7/1/2016
Vikarabad,1/8/2016,August,2016,0,8/1/2016
Vikarabad,1/9/2016,September,2016,0,9/1/2016
Vikarabad,1/10/2016,October,2016,0,10/1/2016
Vikarabad,1/11/2016,November,2016,0,11/1/2016
Vikarabad,1/12/2016,December,2016,0,12/1/2016
Wanaparthy ,1/1/2016,January,2016,0,1/1/2016
Wanaparthy ,1/2/2016,February,2016,0,2/1/2016
Wanaparthy ,1/3/2016,March,2016,0,3/1/2016
Wanaparthy ,1/4/2016,April,2016,0,4/1/2016
Wanaparthy ,1/5/2016,May,2016,0,5/1/2016
Wanaparthy ,1/6/2016,June,2016,0,6/1/2016
Wanaparthy ,1/7/2016,July,2016,0,7/1/2016
Wanaparthy ,1/8/2016,August,2016,0,8/1/2016
Wanaparthy ,1/9/2016,September,2016,0,9/1/2016
Wanaparthy ,1/10/2016,October,2016,21234,10/1/2016
Wanaparthy ,1/11/2016,November,2016,18348,11/1/2016
Wanaparthy ,1/12/2016,December,2016,20556,12/1/2016
Warangal (Rural),1/1/2016,January,2016,0,1/1/2016
Warangal (Rural),1/2/2016,February,2016,0,2/1/2016
Warangal (Rural),1/3/2016,March,2016,0,3/1/2016
Warangal (Rural),1/4/2016,April,2016,0,4/1/2016
Warangal (Rural),1/5/2016,May,2016,0,5/1/2016
Warangal (Rural),1/6/2016,June,2016,0,6/1/2016
Warangal (Rural),1/7/2016,July,2016,0,7/1/2016
Warangal (Rural),1/8/2016,August,2016,0,8/1/2016
Warangal (Rural),1/9/2016,September,2016,0,9/1/2016
Warangal (Rural),1/10/2016,October,2016,8200,10/1/2016
Warangal (Rural),1/11/2016,November,2016,6050,11/1/2016
Warangal (Rural),1/12/2016,December,2016,5150,12/1/2016
Warangal (Urban),1/1/2016,January,2016,1985815,1/1/2016
Warangal (Urban),1/2/2016,February,2016,20703778,2/1/2016
Warangal (Urban),1/3/2016,March,2016,568397,3/1/2016
Warangal (Urban),1/4/2016,April,2016,317643,4/1/2016
Warangal (Urban),1/5/2016,May,2016,373788,5/1/2016
Warangal (Urban),1/6/2016,June,2016,365332,6/1/2016
Warangal (Urban),1/7/2016,July,2016,340320,7/1/2016
Warangal (Urban),1/8/2016,August,2016,368755,8/1/2016
Warangal (Urban),1/9/2016,September,2016,379210,9/1/2016
Warangal (Urban),1/10/2016,October,2016,128247,10/1/2016
Warangal (Urban),1/11/2016,November,2016,129250,11/1/2016
Warangal (Urban),1/12/2016,December,2016,127500,12/1/2016
Yadadri Bhongir,1/1/2016,January,2016,0,1/1/2016
Yadadri Bhongir,1/2/2016,February,2016,0,2/1/2016
Yadadri Bhongir,1/3/2016,March,2016,0,3/1/2016
Yadadri Bhongir,1/4/2016,April,2016,0,4/1/2016
Yadadri Bhongir,1/5/2016,May,2016,0,5/1/2016
Yadadri Bhongir,1/6/2016,June,2016,0,6/1/2016
Yadadri Bhongir,1/7/2016,July,2016,0,7/1/2016
Yadadri Bhongir,1/8/2016,August,2016,0,8/1/2016
Yadadri Bhongir,1/9/2016,September,2016,0,9/1/2016
Yadadri Bhongir,1/10/2016,October,2016,584800,10/1/2016
Yadadri Bhongir,1/11/2016,November,2016,681000,11/1/2016
Yadadri Bhongir,1/12/2016,December,2016,462800,12/1/2016
Adilabad,1/1/2017,January,2017,318799,1/1/2017
Adilabad,1/2/2017,February,2017,83316,2/1/2017
Adilabad,1/3/2017,March,2017,27508,3/1/2017
Adilabad,1/4/2017,April,2017,13946,4/1/2017
Adilabad,1/5/2017,May,2017,11752,5/1/2017
Adilabad,1/6/2017,June,2017,26859,6/1/2017
Adilabad,1/7/2017,July,2017,52386,7/1/2017
Adilabad,1/8/2017,August,2017,34876,8/1/2017
Adilabad,1/9/2017,September,2017,42699,9/1/2017
Adilabad,1/10/2017,October,2017,41666,10/1/2017
Adilabad,1/11/2017,November,2017,117322,11/1/2017
Adilabad,1/12/2017,December,2017,54251,12/1/2017
Bhadradri Kothagudem ,1/1/2017,January,2017,302315,1/1/2017
Bhadradri Kothagudem ,1/2/2017,February,2017,251359,2/1/2017
Bhadradri Kothagudem ,1/3/2017,March,2017,243943,3/1/2017
Bhadradri Kothagudem ,1/4/2017,April,2017,667459,4/1/2017
Bhadradri Kothagudem ,1/5/2017,May,2017,311626,5/1/2017
Bhadradri Kothagudem ,1/6/2017,June,2017,351742,6/1/2017
Bhadradri Kothagudem ,1/7/2017,July,2017,258114,7/1/2017
Bhadradri Kothagudem ,1/8/2017,August,2017,316438,8/1/2017
Bhadradri Kothagudem ,1/9/2017,September,2017,381784,9/1/2017
Bhadradri Kothagudem ,1/10/2017,October,2017,334504,10/1/2017
Bhadradri Kothagudem ,1/11/2017,November,2017,281515,11/1/2017
Bhadradri Kothagudem ,1/12/2017,December,2017,393518,12/1/2017
Hyderabad,1/1/2017,January,2017,1924695,1/1/2017
Hyderabad,1/2/2017,February,2017,1886698,2/1/2017
Hyderabad,1/3/2017,March,2017,1783903,3/1/2017
Hyderabad,1/4/2017,April,2017,2366793,4/1/2017
Hyderabad,1/5/2017,May,2017,2266793,5/1/2017
Hyderabad,1/6/2017,June,2017,2007060,6/1/2017
Hyderabad,1/7/2017,July,2017,1890870,7/1/2017
Hyderabad,1/8/2017,August,2017,1976980,8/1/2017
Hyderabad,1/9/2017,September,2017,2011280,9/1/2017
Hyderabad,1/10/2017,October,2017,2202316,10/1/2017
Hyderabad,1/11/2017,November,2017,1971438,11/1/2017
Hyderabad,1/12/2017,December,2017,4871416,12/1/2017
Jagtial ,1/1/2017,January,2017,174477,1/1/2017
Jagtial ,1/2/2017,February,2017,159659,2/1/2017
Jagtial ,1/3/2017,March,2017,323658,3/1/2017
Jagtial ,1/4/2017,April,2017,330540,4/1/2017
Jagtial ,1/5/2017,May,2017,468038,5/1/2017
Jagtial ,1/6/2017,June,2017,418103,6/1/2017
Jagtial ,1/7/2017,July,2017,247254,7/1/2017
Jagtial ,1/8/2017,August,2017,386458,8/1/2017
Jagtial ,1/9/2017,September,2017,143102,9/1/2017
Jagtial ,1/10/2017,October,2017,248504,10/1/2017
Jagtial ,1/11/2017,November,2017,348042,11/1/2017
Jagtial ,1/12/2017,December,2017,393566,12/1/2017
Jangaon ,1/1/2017,January,2017,12280,1/1/2017
Jangaon ,1/2/2017,February,2017,12610,2/1/2017
Jangaon ,1/3/2017,March,2017,8450,3/1/2017
Jangaon ,1/4/2017,April,2017,9788,4/1/2017
Jangaon ,1/5/2017,May,2017,12130,5/1/2017
Jangaon ,1/6/2017,June,2017,13750,6/1/2017
Jangaon ,1/7/2017,July,2017,16050,7/1/2017
Jangaon ,1/8/2017,August,2017,15680,8/1/2017
Jangaon ,1/9/2017,September,2017,15600,9/1/2017
Jangaon ,1/10/2017,October,2017,16130,10/1/2017
Jangaon ,1/11/2017,November,2017,16360,11/1/2017
Jangaon ,1/12/2017,December,2017,16880,12/1/2017
Jayashankar Bhoopalpally,1/1/2017,January,2017,96560,1/1/2017
Jayashankar Bhoopalpally,1/2/2017,February,2017,96850,2/1/2017
Jayashankar Bhoopalpally,1/3/2017,March,2017,81400,3/1/2017
Jayashankar Bhoopalpally,1/4/2017,April,2017,90700,4/1/2017
Jayashankar Bhoopalpally,1/5/2017,May,2017,91150,5/1/2017
Jayashankar Bhoopalpally,1/6/2017,June,2017,93650,6/1/2017
Jayashankar Bhoopalpally,1/7/2017,July,2017,94700,7/1/2017
Jayashankar Bhoopalpally,1/8/2017,August,2017,118350,8/1/2017
Jayashankar Bhoopalpally,1/9/2017,September,2017,112600,9/1/2017
Jayashankar Bhoopalpally,1/10/2017,October,2017,115250,10/1/2017
Jayashankar Bhoopalpally,1/11/2017,November,2017,116800,11/1/2017
Jayashankar Bhoopalpally,1/12/2017,December,2017,723000,12/1/2017
Jogulamba Gadwal ,1/1/2017,January,2017,214887,1/1/2017
Jogulamba Gadwal ,1/2/2017,February,2017,481110,2/1/2017
Jogulamba Gadwal ,1/3/2017,March,2017,155013,3/1/2017
Jogulamba Gadwal ,1/4/2017,April,2017,131426,4/1/2017
Jogulamba Gadwal ,1/5/2017,May,2017,131426,5/1/2017
Jogulamba Gadwal ,1/6/2017,June,2017,160182,6/1/2017
Jogulamba Gadwal ,1/7/2017,July,2017,160182,7/1/2017
Jogulamba Gadwal ,1/8/2017,August,2017,131485,8/1/2017
Jogulamba Gadwal ,1/9/2017,September,2017,123733,9/1/2017
Jogulamba Gadwal ,1/10/2017,October,2017,152898,10/1/2017
Jogulamba Gadwal ,1/11/2017,November,2017,188170,11/1/2017
Jogulamba Gadwal ,1/12/2017,December,2017,214887,12/1/2017
Kamareddy ,1/1/2017,January,2017,58,1/1/2017
Kamareddy ,1/2/2017,February,2017,50,2/1/2017
Kamareddy ,1/3/2017,March,2017,41,3/1/2017
Kamareddy ,1/4/2017,April,2017,46,4/1/2017
Kamareddy ,1/5/2017,May,2017,60,5/1/2017
Kamareddy ,1/6/2017,June,2017,41,6/1/2017
Kamareddy ,1/7/2017,July,2017,41,7/1/2017
Kamareddy ,1/8/2017,August,2017,40,8/1/2017
Kamareddy ,1/9/2017,September,2017,41,9/1/2017
Kamareddy ,1/10/2017,October,2017,38,10/1/2017
Kamareddy ,1/11/2017,November,2017,43,11/1/2017
Kamareddy ,1/12/2017,December,2017,41,12/1/2017
Karimnagar ,1/1/2017,January,2017,14425,1/1/2017
Karimnagar ,1/2/2017,February,2017,10845,2/1/2017
Karimnagar ,1/3/2017,March,2017,9625,3/1/2017
Karimnagar ,1/4/2017,April,2017,8630,4/1/2017
Karimnagar ,1/5/2017,May,2017,8890,5/1/2017
Karimnagar ,1/6/2017,June,2017,10542,6/1/2017
Karimnagar ,1/7/2017,July,2017,12350,7/1/2017
Karimnagar ,1/8/2017,August,2017,10952,8/1/2017
Karimnagar ,1/9/2017,September,2017,7576,9/1/2017
Karimnagar ,1/10/2017,October,2017,8371,10/1/2017
Karimnagar ,1/11/2017,November,2017,8705,11/1/2017
Karimnagar ,1/12/2017,December,2017,13065,12/1/2017
Khammam,1/1/2017,January,2017,132528,1/1/2017
Khammam,1/2/2017,February,2017,115470,2/1/2017
Khammam,1/3/2017,March,2017,101878,3/1/2017
Khammam,1/4/2017,April,2017,135920,4/1/2017
Khammam,1/5/2017,May,2017,138799,5/1/2017
Khammam,1/6/2017,June,2017,138158,6/1/2017
Khammam,1/7/2017,July,2017,105102,7/1/2017
Khammam,1/8/2017,August,2017,129159,8/1/2017
Khammam,1/9/2017,September,2017,140821,9/1/2017
Khammam,1/10/2017,October,2017,155943,10/1/2017
Khammam,1/11/2017,November,2017,110800,11/1/2017
Khammam,1/12/2017,December,2017,137825,12/1/2017
Komaram Bheem Asifabad,1/1/2017,January,2017,2241,1/1/2017
Komaram Bheem Asifabad,1/2/2017,February,2017,2490,2/1/2017
Komaram Bheem Asifabad,1/3/2017,March,2017,2767,3/1/2017
Komaram Bheem Asifabad,1/4/2017,April,2017,3074,4/1/2017
Komaram Bheem Asifabad,1/5/2017,May,2017,3416,5/1/2017
Komaram Bheem Asifabad,1/6/2017,June,2017,3796,6/1/2017
Komaram Bheem Asifabad,1/7/2017,July,2017,3713,7/1/2017
Komaram Bheem Asifabad,1/8/2017,August,2017,3665,8/1/2017
Komaram Bheem Asifabad,1/9/2017,September,2017,3934,9/1/2017
Komaram Bheem Asifabad,1/10/2017,October,2017,14050,10/1/2017
Komaram Bheem Asifabad,1/11/2017,November,2017,3627,11/1/2017
Komaram Bheem Asifabad,1/12/2017,December,2017,4218,12/1/2017
Mahabubabad ,1/1/2017,January,2017,13260,1/1/2017
Mahabubabad ,1/2/2017,February,2017,13045,2/1/2017
Mahabubabad ,1/3/2017,March,2017,9100,3/1/2017
Mahabubabad ,1/4/2017,April,2017,9140,4/1/2017
Mahabubabad ,1/5/2017,May,2017,10220,5/1/2017
Mahabubabad ,1/6/2017,June,2017,10130,6/1/2017
Mahabubabad ,1/7/2017,July,2017,10170,7/1/2017
Mahabubabad ,1/8/2017,August,2017,12520,8/1/2017
Mahabubabad ,1/9/2017,September,2017,13140,9/1/2017
Mahabubabad ,1/10/2017,October,2017,13750,10/1/2017
Mahabubabad ,1/11/2017,November,2017,13560,11/1/2017
Mahabubabad ,1/12/2017,December,2017,13780,12/1/2017
Mahbubnagar,1/1/2017,January,2017,446135,1/1/2017
Mahbubnagar,1/2/2017,February,2017,805392,2/1/2017
Mahbubnagar,1/3/2017,March,2017,178256,3/1/2017
Mahbubnagar,1/4/2017,April,2017,208694,4/1/2017
Mahbubnagar,1/5/2017,May,2017,214209,5/1/2017
Mahbubnagar,1/6/2017,June,2017,179210,6/1/2017
Mahbubnagar,1/7/2017,July,2017,179099,7/1/2017
Mahbubnagar,1/8/2017,August,2017,215229,8/1/2017
Mahbubnagar,1/9/2017,September,2017,180675,9/1/2017
Mahbubnagar,1/10/2017,October,2017,196103,10/1/2017
Mahbubnagar,1/11/2017,November,2017,259060,11/1/2017
Mahbubnagar,1/12/2017,December,2017,426167,12/1/2017
Mancherial,1/1/2017,January,2017,2937,1/1/2017
Mancherial,1/2/2017,February,2017,3130,2/1/2017
Mancherial,1/3/2017,March,2017,2775,3/1/2017
Mancherial,1/4/2017,April,2017,1513,4/1/2017
Mancherial,1/5/2017,May,2017,1424,5/1/2017
Mancherial,1/6/2017,June,2017,2119,6/1/2017
Mancherial,1/7/2017,July,2017,33591,7/1/2017
Mancherial,1/8/2017,August,2017,26104,8/1/2017
Mancherial,1/9/2017,September,2017,24297,9/1/2017
Mancherial,1/10/2017,October,2017,37671,10/1/2017
Mancherial,1/11/2017,November,2017,25737,11/1/2017
Mancherial,1/12/2017,December,2017,30328,12/1/2017
Medak ,1/1/2017,January,2017,523000,1/1/2017
Medak ,1/2/2017,February,2017,543321,2/1/2017
Medak ,1/3/2017,March,2017,548535,3/1/2017
Medak ,1/4/2017,April,2017,554864,4/1/2017
Medak ,1/5/2017,May,2017,556891,5/1/2017
Medak ,1/6/2017,June,2017,561469,6/1/2017
Medak ,1/7/2017,July,2017,575300,7/1/2017
Medak ,1/8/2017,August,2017,632830,8/1/2017
Medak ,1/9/2017,September,2017,696113,9/1/2017
Medak ,1/10/2017,October,2017,765724,10/1/2017
Medak ,1/11/2017,November,2017,842296,11/1/2017
Medak ,1/12/2017,December,2017,926526,12/1/2017
Medchal ,1/1/2017,January,2017,0,1/1/2017
Medchal ,1/2/2017,February,2017,0,2/1/2017
Medchal ,1/3/2017,March,2017,0,3/1/2017
Medchal ,1/4/2017,April,2017,0,4/1/2017
Medchal ,1/5/2017,May,2017,0,5/1/2017
Medchal ,1/6/2017,June,2017,0,6/1/2017
Medchal ,1/7/2017,July,2017,0,7/1/2017
Medchal ,1/8/2017,August,2017,0,8/1/2017
Medchal ,1/9/2017,September,2017,0,9/1/2017
Medchal ,1/10/2017,October,2017,0,10/1/2017
Medchal ,1/11/2017,November,2017,0,11/1/2017
Medchal ,1/12/2017,December,2017,0,12/1/2017
Nagarkurnool ,1/1/2017,January,2017,382879,1/1/2017
Nagarkurnool ,1/2/2017,February,2017,286258,2/1/2017
Nagarkurnool ,1/3/2017,March,2017,184508,3/1/2017
Nagarkurnool ,1/4/2017,April,2017,183697,4/1/2017
Nagarkurnool ,1/5/2017,May,2017,183697,5/1/2017
Nagarkurnool ,1/6/2017,June,2017,180010,6/1/2017
Nagarkurnool ,1/7/2017,July,2017,180010,7/1/2017
Nagarkurnool ,1/8/2017,August,2017,181861,8/1/2017
Nagarkurnool ,1/9/2017,September,2017,118010,9/1/2017
Nagarkurnool ,1/10/2017,October,2017,201050,10/1/2017
Nagarkurnool ,1/11/2017,November,2017,188786,11/1/2017
Nagarkurnool ,1/12/2017,December,2017,382879,12/1/2017
Nalgonda,1/1/2017,January,2017,4447,1/1/2017
Nalgonda,1/2/2017,February,2017,8652,2/1/2017
Nalgonda,1/3/2017,March,2017,8054,3/1/2017
Nalgonda,1/4/2017,April,2017,44295,4/1/2017
Nalgonda,1/5/2017,May,2017,10750,5/1/2017
Nalgonda,1/6/2017,June,2017,37879,6/1/2017
Nalgonda,1/7/2017,July,2017,21361,7/1/2017
Nalgonda,1/8/2017,August,2017,9363,8/1/2017
Nalgonda,1/9/2017,September,2017,17465,9/1/2017
Nalgonda,1/10/2017,October,2017,36066,10/1/2017
Nalgonda,1/11/2017,November,2017,17687,11/1/2017
Nalgonda,1/12/2017,December,2017,25897,12/1/2017
Nirmal,1/1/2017,January,2017,340311,1/1/2017
Nirmal,1/2/2017,February,2017,415326,2/1/2017
Nirmal,1/3/2017,March,2017,442057,3/1/2017
Nirmal,1/4/2017,April,2017,274132,4/1/2017
Nirmal,1/5/2017,May,2017,297233,5/1/2017
Nirmal,1/6/2017,June,2017,340359,6/1/2017
Nirmal,1/7/2017,July,2017,328101,7/1/2017
Nirmal,1/8/2017,August,2017,340430,8/1/2017
Nirmal,1/9/2017,September,2017,528540,9/1/2017
Nirmal,1/10/2017,October,2017,388644,10/1/2017
Nirmal,1/11/2017,November,2017,369365,11/1/2017
Nirmal,1/12/2017,December,2017,340585,12/1/2017
Nizamabad,1/1/2017,January,2017,613,1/1/2017
Nizamabad,1/2/2017,February,2017,1752,2/1/2017
Nizamabad,1/3/2017,March,2017,660,3/1/2017
Nizamabad,1/4/2017,April,2017,1048,4/1/2017
Nizamabad,1/5/2017,May,2017,1341,5/1/2017
Nizamabad,1/6/2017,June,2017,2391,6/1/2017
Nizamabad,1/7/2017,July,2017,1520,7/1/2017
Nizamabad,1/8/2017,August,2017,1583,8/1/2017
Nizamabad,1/9/2017,September,2017,933,9/1/2017
Nizamabad,1/10/2017,October,2017,6644,10/1/2017
Nizamabad,1/11/2017,November,2017,1677,11/1/2017
Nizamabad,1/12/2017,December,2017,1787,12/1/2017
Peddapalli,1/1/2017,January,2017,1345,1/1/2017
Peddapalli,1/2/2017,February,2017,1378,2/1/2017
Peddapalli,1/3/2017,March,2017,965,3/1/2017
Peddapalli,1/4/2017,April,2017,750,4/1/2017
Peddapalli,1/5/2017,May,2017,640,5/1/2017
Peddapalli,1/6/2017,June,2017,885,6/1/2017
Peddapalli,1/7/2017,July,2017,1095,7/1/2017
Peddapalli,1/8/2017,August,2017,1385,8/1/2017
Peddapalli,1/9/2017,September,2017,1155,9/1/2017
Peddapalli,1/10/2017,October,2017,1595,10/1/2017
Peddapalli,1/11/2017,November,2017,1940,11/1/2017
Peddapalli,1/12/2017,December,2017,1765,12/1/2017
Rajanna Sircilla ,1/1/2017,January,2017,615842,1/1/2017
Rajanna Sircilla ,1/2/2017,February,2017,1255569,2/1/2017
Rajanna Sircilla ,1/3/2017,March,2017,1030441,3/1/2017
Rajanna Sircilla ,1/4/2017,April,2017,1146782,4/1/2017
Rajanna Sircilla ,1/5/2017,May,2017,1117228,5/1/2017
Rajanna Sircilla ,1/6/2017,June,2017,1113882,6/1/2017
Rajanna Sircilla ,1/7/2017,July,2017,462022,7/1/2017
Rajanna Sircilla ,1/8/2017,August,2017,1004410,8/1/2017
Rajanna Sircilla ,1/9/2017,September,2017,487060,9/1/2017
Rajanna Sircilla ,1/10/2017,October,2017,845620,10/1/2017
Rajanna Sircilla ,1/11/2017,November,2017,1191129,11/1/2017
Rajanna Sircilla ,1/12/2017,December,2017,1649362,12/1/2017
Ranga Reddy,1/1/2017,January,2017,0,1/1/2017
Ranga Reddy,1/2/2017,February,2017,0,2/1/2017
Ranga Reddy,1/3/2017,March,2017,0,3/1/2017
Ranga Reddy,1/4/2017,April,2017,0,4/1/2017
Ranga Reddy,1/5/2017,May,2017,0,5/1/2017
Ranga Reddy,1/6/2017,June,2017,0,6/1/2017
Ranga Reddy,1/7/2017,July,2017,0,7/1/2017
Ranga Reddy,1/8/2017,August,2017,0,8/1/2017
Ranga Reddy,1/9/2017,September,2017,0,9/1/2017
Ranga Reddy,1/10/2017,October,2017,0,10/1/2017
Ranga Reddy,1/11/2017,November,2017,0,11/1/2017
Ranga Reddy,1/12/2017,December,2017,0,12/1/2017
Sangareddy ,1/1/2017,January,2017,195000,1/1/2017
Sangareddy ,1/2/2017,February,2017,140000,2/1/2017
Sangareddy ,1/3/2017,March,2017,275000,3/1/2017
Sangareddy ,1/4/2017,April,2017,215000,4/1/2017
Sangareddy ,1/5/2017,May,2017,215000,5/1/2017
Sangareddy ,1/6/2017,June,2017,180000,6/1/2017
Sangareddy ,1/7/2017,July,2017,195000,7/1/2017
Sangareddy ,1/8/2017,August,2017,295000,8/1/2017
Sangareddy ,1/9/2017,September,2017,200000,9/1/2017
Sangareddy ,1/10/2017,October,2017,232000,10/1/2017
Sangareddy ,1/11/2017,November,2017,324500,11/1/2017
Sangareddy ,1/12/2017,December,2017,356950,12/1/2017
Siddipet,1/1/2017,January,2017,80500,1/1/2017
Siddipet,1/2/2017,February,2017,80500,2/1/2017
Siddipet,1/3/2017,March,2017,80500,3/1/2017
Siddipet,1/4/2017,April,2017,80500,4/1/2017
Siddipet,1/5/2017,May,2017,80500,5/1/2017
Siddipet,1/6/2017,June,2017,60000,6/1/2017
Siddipet,1/7/2017,July,2017,88550,7/1/2017
Siddipet,1/8/2017,August,2017,97405,8/1/2017
Siddipet,1/9/2017,September,2017,107146,9/1/2017
Siddipet,1/10/2017,October,2017,117861,10/1/2017
Siddipet,1/11/2017,November,2017,129647,11/1/2017
Siddipet,1/12/2017,December,2017,142612,12/1/2017
Suryapet,1/1/2017,January,2017,0,1/1/2017
Suryapet,1/2/2017,February,2017,0,2/1/2017
Suryapet,1/3/2017,March,2017,0,3/1/2017
Suryapet,1/4/2017,April,2017,0,4/1/2017
Suryapet,1/5/2017,May,2017,0,5/1/2017
Suryapet,1/6/2017,June,2017,0,6/1/2017
Suryapet,1/7/2017,July,2017,0,7/1/2017
Suryapet,1/8/2017,August,2017,0,8/1/2017
Suryapet,1/9/2017,September,2017,0,9/1/2017
Suryapet,1/10/2017,October,2017,0,10/1/2017
Suryapet,1/11/2017,November,2017,0,11/1/2017
Suryapet,1/12/2017,December,2017,0,12/1/2017
Vikarabad,1/1/2017,January,2017,0,1/1/2017
Vikarabad,1/2/2017,February,2017,0,2/1/2017
Vikarabad,1/3/2017,March,2017,0,3/1/2017
Vikarabad,1/4/2017,April,2017,0,4/1/2017
Vikarabad,1/5/2017,May,2017,0,5/1/2017
Vikarabad,1/6/2017,June,2017,0,6/1/2017
Vikarabad,1/7/2017,July,2017,0,7/1/2017
Vikarabad,1/8/2017,August,2017,0,8/1/2017
Vikarabad,1/9/2017,September,2017,0,9/1/2017
Vikarabad,1/10/2017,October,2017,0,10/1/2017
Vikarabad,1/11/2017,November,2017,0,11/1/2017
Vikarabad,1/12/2017,December,2017,0,12/1/2017
Wanaparthy ,1/1/2017,January,2017,22152,1/1/2017
Wanaparthy ,1/2/2017,February,2017,22342,2/1/2017
Wanaparthy ,1/3/2017,March,2017,20050,3/1/2017
Wanaparthy ,1/4/2017,April,2017,11502,4/1/2017
Wanaparthy ,1/5/2017,May,2017,11502,5/1/2017
Wanaparthy ,1/6/2017,June,2017,19092,6/1/2017
Wanaparthy ,1/7/2017,July,2017,19092,7/1/2017
Wanaparthy ,1/8/2017,August,2017,21375,8/1/2017
Wanaparthy ,1/9/2017,September,2017,35860,9/1/2017
Wanaparthy ,1/10/2017,October,2017,21234,10/1/2017
Wanaparthy ,1/11/2017,November,2017,18348,11/1/2017
Wanaparthy ,1/12/2017,December,2017,22152,12/1/2017
Warangal (Rural),1/1/2017,January,2017,8000,1/1/2017
Warangal (Rural),1/2/2017,February,2017,8300,2/1/2017
Warangal (Rural),1/3/2017,March,2017,7800,3/1/2017
Warangal (Rural),1/4/2017,April,2017,7600,4/1/2017
Warangal (Rural),1/5/2017,May,2017,8500,5/1/2017
Warangal (Rural),1/6/2017,June,2017,9000,6/1/2017
Warangal (Rural),1/7/2017,July,2017,13600,7/1/2017
Warangal (Rural),1/8/2017,August,2017,13650,8/1/2017
Warangal (Rural),1/9/2017,September,2017,13800,9/1/2017
Warangal (Rural),1/10/2017,October,2017,16500,10/1/2017
Warangal (Rural),1/11/2017,November,2017,16300,11/1/2017
Warangal (Rural),1/12/2017,December,2017,21200,12/1/2017
Warangal (Urban),1/1/2017,January,2017,130608,1/1/2017
Warangal (Urban),1/2/2017,February,2017,126608,2/1/2017
Warangal (Urban),1/3/2017,March,2017,118298,3/1/2017
Warangal (Urban),1/4/2017,April,2017,107133,4/1/2017
Warangal (Urban),1/5/2017,May,2017,109915,5/1/2017
Warangal (Urban),1/6/2017,June,2017,111530,6/1/2017
Warangal (Urban),1/7/2017,July,2017,116545,7/1/2017
Warangal (Urban),1/8/2017,August,2017,116810,8/1/2017
Warangal (Urban),1/9/2017,September,2017,117150,9/1/2017
Warangal (Urban),1/10/2017,October,2017,119255,10/1/2017
Warangal (Urban),1/11/2017,November,2017,119360,11/1/2017
Warangal (Urban),1/12/2017,December,2017,126790,12/1/2017
Yadadri Bhongir,1/1/2017,January,2017,678000,1/1/2017
Yadadri Bhongir,1/2/2017,February,2017,540500,2/1/2017
Yadadri Bhongir,1/3/2017,March,2017,525588,3/1/2017
Yadadri Bhongir,1/4/2017,April,2017,570000,4/1/2017
Yadadri Bhongir,1/5/2017,May,2017,458700,5/1/2017
Yadadri Bhongir,1/6/2017,June,2017,685880,6/1/2017
Yadadri Bhongir,1/7/2017,July,2017,481240,7/1/2017
Yadadri Bhongir,1/8/2017,August,2017,680720,8/1/2017
Yadadri Bhongir,1/9/2017,September,2017,678925,9/1/2017
Yadadri Bhongir,1/10/2017,October,2017,683500,10/1/2017
Yadadri Bhongir,1/11/2017,November,2017,537600,11/1/2017
Yadadri Bhongir,1/12/2017,December,2017,481075,12/1/2017
Adilabad,1/1/2018,January,2018,320356,1/1/2018
Adilabad,1/2/2018,February,2018,36550,2/1/2018
Adilabad,1/3/2018,March,2018,23011,3/1/2018
Adilabad,1/4/2018,April,2018,14183,4/1/2018
Adilabad,1/5/2018,May,2018,8197,5/1/2018
Adilabad,1/6/2018,June,2018,12052,6/1/2018
Adilabad,1/7/2018,July,2018,24666,7/1/2018
Adilabad,1/8/2018,August,2018,38939,8/1/2018
Adilabad,1/9/2018,September,2018,25875,9/1/2018
Adilabad,1/10/2018,October,2018,30257,10/1/2018
Adilabad,1/11/2018,November,2018,49181,11/1/2018
Adilabad,1/12/2018,December,2018,61476,12/1/2018
Bhadradri Kothagudem ,1/1/2018,January,2018,421275,1/1/2018
Bhadradri Kothagudem ,1/2/2018,February,2018,240634,2/1/2018
Bhadradri Kothagudem ,1/3/2018,March,2018,421275,3/1/2018
Bhadradri Kothagudem ,1/4/2018,April,2018,341258,4/1/2018
Bhadradri Kothagudem ,1/5/2018,May,2018,291273,5/1/2018
Bhadradri Kothagudem ,1/6/2018,June,2018,290512,6/1/2018
Bhadradri Kothagudem ,1/7/2018,July,2018,220304,7/1/2018
Bhadradri Kothagudem ,1/8/2018,August,2018,219548,8/1/2018
Bhadradri Kothagudem ,1/9/2018,September,2018,334878,9/1/2018
Bhadradri Kothagudem ,1/10/2018,October,2018,322974,10/1/2018
Bhadradri Kothagudem ,1/11/2018,November,2018,253464,11/1/2018
Bhadradri Kothagudem ,1/12/2018,December,2018,442483,12/1/2018
Hyderabad,1/1/2018,January,2018,1978396,1/1/2018
Hyderabad,1/2/2018,February,2018,1365837,2/1/2018
Hyderabad,1/3/2018,March,2018,1415938,3/1/2018
Hyderabad,1/4/2018,April,2018,1586375,4/1/2018
Hyderabad,1/5/2018,May,2018,1189492,5/1/2018
Hyderabad,1/6/2018,June,2018,1595067,6/1/2018
Hyderabad,1/7/2018,July,2018,1470042,7/1/2018
Hyderabad,1/8/2018,August,2018,1591470,8/1/2018
Hyderabad,1/9/2018,September,2018,1508086,9/1/2018
Hyderabad,1/10/2018,October,2018,2207478,10/1/2018
Hyderabad,1/11/2018,November,2018,1671320,11/1/2018
Hyderabad,1/12/2018,December,2018,1964150,12/1/2018
Jagtial ,1/1/2018,January,2018,614082,1/1/2018
Jagtial ,1/2/2018,February,2018,349576,2/1/2018
Jagtial ,1/3/2018,March,2018,416716,3/1/2018
Jagtial ,1/4/2018,April,2018,372874,4/1/2018
Jagtial ,1/5/2018,May,2018,641363,5/1/2018
Jagtial ,1/6/2018,June,2018,182505,6/1/2018
Jagtial ,1/7/2018,July,2018,182473,7/1/2018
Jagtial ,1/8/2018,August,2018,272685,8/1/2018
Jagtial ,1/9/2018,September,2018,273121,9/1/2018
Jagtial ,1/10/2018,October,2018,138206,10/1/2018
Jagtial ,1/11/2018,November,2018,277997,11/1/2018
Jagtial ,1/12/2018,December,2018,231323,12/1/2018
Jangaon ,1/1/2018,January,2018,17180,1/1/2018
Jangaon ,1/2/2018,February,2018,18600,2/1/2018
Jangaon ,1/3/2018,March,2018,17300,3/1/2018
Jangaon ,1/4/2018,April,2018,18100,4/1/2018
Jangaon ,1/5/2018,May,2018,19660,5/1/2018
Jangaon ,1/6/2018,June,2018,23050,6/1/2018
Jangaon ,1/7/2018,July,2018,26280,7/1/2018
Jangaon ,1/8/2018,August,2018,26020,8/1/2018
Jangaon ,1/9/2018,September,2018,28830,9/1/2018
Jangaon ,1/10/2018,October,2018,29470,10/1/2018
Jangaon ,1/11/2018,November,2018,29570,11/1/2018
Jangaon ,1/12/2018,December,2018,36962,12/1/2018
Jayashankar Bhoopalpally,1/1/2018,January,2018,6519850,1/1/2018
Jayashankar Bhoopalpally,1/2/2018,February,2018,8626250,2/1/2018
Jayashankar Bhoopalpally,1/3/2018,March,2018,146150,3/1/2018
Jayashankar Bhoopalpally,1/4/2018,April,2018,149150,4/1/2018
Jayashankar Bhoopalpally,1/5/2018,May,2018,152050,5/1/2018
Jayashankar Bhoopalpally,1/6/2018,June,2018,159400,6/1/2018
Jayashankar Bhoopalpally,1/7/2018,July,2018,128550,7/1/2018
Jayashankar Bhoopalpally,1/8/2018,August,2018,184700,8/1/2018
Jayashankar Bhoopalpally,1/9/2018,September,2018,192300,9/1/2018
Jayashankar Bhoopalpally,1/10/2018,October,2018,195400,10/1/2018
Jayashankar Bhoopalpally,1/11/2018,November,2018,196500,11/1/2018
Jayashankar Bhoopalpally,1/12/2018,December,2018,245625,12/1/2018
Jogulamba Gadwal ,1/1/2018,January,2018,146441,1/1/2018
Jogulamba Gadwal ,1/2/2018,February,2018,481110,2/1/2018
Jogulamba Gadwal ,1/3/2018,March,2018,155013,3/1/2018
Jogulamba Gadwal ,1/4/2018,April,2018,138673,4/1/2018
Jogulamba Gadwal ,1/5/2018,May,2018,131426,5/1/2018
Jogulamba Gadwal ,1/6/2018,June,2018,160182,6/1/2018
Jogulamba Gadwal ,1/7/2018,July,2018,114951,7/1/2018
Jogulamba Gadwal ,1/8/2018,August,2018,123733,8/1/2018
Jogulamba Gadwal ,1/9/2018,September,2018,121710,9/1/2018
Jogulamba Gadwal ,1/10/2018,October,2018,152898,10/1/2018
Jogulamba Gadwal ,1/11/2018,November,2018,128075,11/1/2018
Jogulamba Gadwal ,1/12/2018,December,2018,182333,12/1/2018
Kamareddy ,1/1/2018,January,2018,44,1/1/2018
Kamareddy ,1/2/2018,February,2018,44,2/1/2018
Kamareddy ,1/3/2018,March,2018,45,3/1/2018
Kamareddy ,1/4/2018,April,2018,45,4/1/2018
Kamareddy ,1/5/2018,May,2018,49,5/1/2018
Kamareddy ,1/6/2018,June,2018,56,6/1/2018
Kamareddy ,1/7/2018,July,2018,48,7/1/2018
Kamareddy ,1/8/2018,August,2018,55,8/1/2018
Kamareddy ,1/9/2018,September,2018,40,9/1/2018
Kamareddy ,1/10/2018,October,2018,62,10/1/2018
Kamareddy ,1/11/2018,November,2018,41,11/1/2018
Kamareddy ,1/12/2018,December,2018,43,12/1/2018
Karimnagar ,1/1/2018,January,2018,13505,1/1/2018
Karimnagar ,1/2/2018,February,2018,9330,2/1/2018
Karimnagar ,1/3/2018,March,2018,7205,3/1/2018
Karimnagar ,1/4/2018,April,2018,5830,4/1/2018
Karimnagar ,1/5/2018,May,2018,5689,5/1/2018
Karimnagar ,1/6/2018,June,2018,7180,6/1/2018
Karimnagar ,1/7/2018,July,2018,6686,7/1/2018
Karimnagar ,1/8/2018,August,2018,8480,8/1/2018
Karimnagar ,1/9/2018,September,2018,8480,9/1/2018
Karimnagar ,1/10/2018,October,2018,6118,10/1/2018
Karimnagar ,1/11/2018,November,2018,7145,11/1/2018
Karimnagar ,1/12/2018,December,2018,7800,12/1/2018
Khammam,1/1/2018,January,2018,110094,1/1/2018
Khammam,1/2/2018,February,2018,104444,2/1/2018
Khammam,1/3/2018,March,2018,127152,3/1/2018
Khammam,1/4/2018,April,2018,126553,4/1/2018
Khammam,1/5/2018,May,2018,135189,5/1/2018
Khammam,1/6/2018,June,2018,135988,6/1/2018
Khammam,1/7/2018,July,2018,85932,7/1/2018
Khammam,1/8/2018,August,2018,86309,8/1/2018
Khammam,1/9/2018,September,2018,143465,9/1/2018
Khammam,1/10/2018,October,2018,127645,10/1/2018
Khammam,1/11/2018,November,2018,99070,11/1/2018
Khammam,1/12/2018,December,2018,135600,12/1/2018
Komaram Bheem Asifabad,1/1/2018,January,2018,2863,1/1/2018
Komaram Bheem Asifabad,1/2/2018,February,2018,2736,2/1/2018
Komaram Bheem Asifabad,1/3/2018,March,2018,1826,3/1/2018
Komaram Bheem Asifabad,1/4/2018,April,2018,868,4/1/2018
Komaram Bheem Asifabad,1/5/2018,May,2018,793,5/1/2018
Komaram Bheem Asifabad,1/6/2018,June,2018,990,6/1/2018
Komaram Bheem Asifabad,1/7/2018,July,2018,1954,7/1/2018
Komaram Bheem Asifabad,1/8/2018,August,2018,2263,8/1/2018
Komaram Bheem Asifabad,1/9/2018,September,2018,1819,9/1/2018
Komaram Bheem Asifabad,1/10/2018,October,2018,2525,10/1/2018
Komaram Bheem Asifabad,1/11/2018,November,2018,1741,11/1/2018
Komaram Bheem Asifabad,1/12/2018,December,2018,2176,12/1/2018
Mahabubabad ,1/1/2018,January,2018,14000,1/1/2018
Mahabubabad ,1/2/2018,February,2018,14230,2/1/2018
Mahabubabad ,1/3/2018,March,2018,13110,3/1/2018
Mahabubabad ,1/4/2018,April,2018,12915,4/1/2018
Mahabubabad ,1/5/2018,May,2018,12865,5/1/2018
Mahabubabad ,1/6/2018,June,2018,13910,6/1/2018
Mahabubabad ,1/7/2018,July,2018,13970,7/1/2018
Mahabubabad ,1/8/2018,August,2018,13200,8/1/2018
Mahabubabad ,1/9/2018,September,2018,13420,9/1/2018
Mahabubabad ,1/10/2018,October,2018,13550,10/1/2018
Mahabubabad ,1/11/2018,November,2018,13700,11/1/2018
Mahabubabad ,1/12/2018,December,2018,17125,12/1/2018
Mahbubnagar,1/1/2018,January,2018,156153,1/1/2018
Mahbubnagar,1/2/2018,February,2018,788083,2/1/2018
Mahbubnagar,1/3/2018,March,2018,166863,3/1/2018
Mahbubnagar,1/4/2018,April,2018,196061,4/1/2018
Mahbubnagar,1/5/2018,May,2018,193478,5/1/2018
Mahbubnagar,1/6/2018,June,2018,165553,6/1/2018
Mahbubnagar,1/7/2018,July,2018,161841,7/1/2018
Mahbubnagar,1/8/2018,August,2018,169154,8/1/2018
Mahbubnagar,1/9/2018,September,2018,167833,9/1/2018
Mahbubnagar,1/10/2018,October,2018,193152,10/1/2018
Mahbubnagar,1/11/2018,November,2018,295910,11/1/2018
Mahbubnagar,1/12/2018,December,2018,198227,12/1/2018
Mancherial,1/1/2018,January,2018,71955,1/1/2018
Mancherial,1/2/2018,February,2018,38599,2/1/2018
Mancherial,1/3/2018,March,2018,20749,3/1/2018
Mancherial,1/4/2018,April,2018,38483,4/1/2018
Mancherial,1/5/2018,May,2018,26179,5/1/2018
Mancherial,1/6/2018,June,2018,31667,6/1/2018
Mancherial,1/7/2018,July,2018,27937,7/1/2018
Mancherial,1/8/2018,August,2018,31861,8/1/2018
Mancherial,1/9/2018,September,2018,23141,9/1/2018
Mancherial,1/10/2018,October,2018,30740,10/1/2018
Mancherial,1/11/2018,November,2018,25197,11/1/2018
Mancherial,1/12/2018,December,2018,31496,12/1/2018
Medak ,1/1/2018,January,2018,100000,1/1/2018
Medak ,1/2/2018,February,2018,1000000,2/1/2018
Medak ,1/3/2018,March,2018,600000,3/1/2018
Medak ,1/4/2018,April,2018,200000,4/1/2018
Medak ,1/5/2018,May,2018,300000,5/1/2018
Medak ,1/6/2018,June,2018,500000,6/1/2018
Medak ,1/7/2018,July,2018,150000,7/1/2018
Medak ,1/8/2018,August,2018,50000,8/1/2018
Medak ,1/9/2018,September,2018,100000,9/1/2018
Medak ,1/10/2018,October,2018,300000,10/1/2018
Medak ,1/11/2018,November,2018,200000,11/1/2018
Medak ,1/12/2018,December,2018,400000,12/1/2018
Medchal ,1/1/2018,January,2018,0,1/1/2018
Medchal ,1/2/2018,February,2018,0,2/1/2018
Medchal ,1/3/2018,March,2018,0,3/1/2018
Medchal ,1/4/2018,April,2018,0,4/1/2018
Medchal ,1/5/2018,May,2018,0,5/1/2018
Medchal ,1/6/2018,June,2018,0,6/1/2018
Medchal ,1/7/2018,July,2018,0,7/1/2018
Medchal ,1/8/2018,August,2018,0,8/1/2018
Medchal ,1/9/2018,September,2018,0,9/1/2018
Medchal ,1/10/2018,October,2018,0,10/1/2018
Medchal ,1/11/2018,November,2018,0,11/1/2018
Medchal ,1/12/2018,December,2018,0,12/1/2018
Nagarkurnool ,1/1/2018,January,2018,228812,1/1/2018
Nagarkurnool ,1/2/2018,February,2018,286258,2/1/2018
Nagarkurnool ,1/3/2018,March,2018,184508,3/1/2018
Nagarkurnool ,1/4/2018,April,2018,174592,4/1/2018
Nagarkurnool ,1/5/2018,May,2018,183697,5/1/2018
Nagarkurnool ,1/6/2018,June,2018,180010,6/1/2018
Nagarkurnool ,1/7/2018,July,2018,93450,7/1/2018
Nagarkurnool ,1/8/2018,August,2018,118010,8/1/2018
Nagarkurnool ,1/9/2018,September,2018,118449,9/1/2018
Nagarkurnool ,1/10/2018,October,2018,201050,10/1/2018
Nagarkurnool ,1/11/2018,November,2018,121452,11/1/2018
Nagarkurnool ,1/12/2018,December,2018,198637,12/1/2018
Nalgonda,1/1/2018,January,2018,36205,1/1/2018
Nalgonda,1/2/2018,February,2018,9971,2/1/2018
Nalgonda,1/3/2018,March,2018,9677,3/1/2018
Nalgonda,1/4/2018,April,2018,9779,4/1/2018
Nalgonda,1/5/2018,May,2018,10241,5/1/2018
Nalgonda,1/6/2018,June,2018,9066,6/1/2018
Nalgonda,1/7/2018,July,2018,9668,7/1/2018
Nalgonda,1/8/2018,August,2018,10135,8/1/2018
Nalgonda,1/9/2018,September,2018,21365,9/1/2018
Nalgonda,1/10/2018,October,2018,22332,10/1/2018
Nalgonda,1/11/2018,November,2018,5422,11/1/2018
Nalgonda,1/12/2018,December,2018,6777,12/1/2018
Nirmal,1/1/2018,January,2018,480241,1/1/2018
Nirmal,1/2/2018,February,2018,335447,2/1/2018
Nirmal,1/3/2018,March,2018,328099,3/1/2018
Nirmal,1/4/2018,April,2018,368645,4/1/2018
Nirmal,1/5/2018,May,2018,342650,5/1/2018
Nirmal,1/6/2018,June,2018,355197,6/1/2018
Nirmal,1/7/2018,July,2018,335356,7/1/2018
Nirmal,1/8/2018,August,2018,313910,8/1/2018
Nirmal,1/9/2018,September,2018,293859,9/1/2018
Nirmal,1/10/2018,October,2018,373291,10/1/2018
Nirmal,1/11/2018,November,2018,289169,11/1/2018
Nirmal,1/12/2018,December,2018,361461,12/1/2018
Nizamabad,1/1/2018,January,2018,2495,1/1/2018
Nizamabad,1/2/2018,February,2018,7152,2/1/2018
Nizamabad,1/3/2018,March,2018,2903,3/1/2018
Nizamabad,1/4/2018,April,2018,3550,4/1/2018
Nizamabad,1/5/2018,May,2018,5360,5/1/2018
Nizamabad,1/6/2018,June,2018,1761,6/1/2018
Nizamabad,1/7/2018,July,2018,5882,7/1/2018
Nizamabad,1/8/2018,August,2018,10525,8/1/2018
Nizamabad,1/9/2018,September,2018,475,9/1/2018
Nizamabad,1/10/2018,October,2018,490,10/1/2018
Nizamabad,1/11/2018,November,2018,475,11/1/2018
Nizamabad,1/12/2018,December,2018,355,12/1/2018
Peddapalli,1/1/2018,January,2018,2670,1/1/2018
Peddapalli,1/2/2018,February,2018,2695,2/1/2018
Peddapalli,1/3/2018,March,2018,2325,3/1/2018
Peddapalli,1/4/2018,April,2018,1940,4/1/2018
Peddapalli,1/5/2018,May,2018,1499,5/1/2018
Peddapalli,1/6/2018,June,2018,1580,6/1/2018
Peddapalli,1/7/2018,July,2018,1580,7/1/2018
Peddapalli,1/8/2018,August,2018,1595,8/1/2018
Peddapalli,1/9/2018,September,2018,1475,9/1/2018
Peddapalli,1/10/2018,October,2018,1545,10/1/2018
Peddapalli,1/11/2018,November,2018,1655,11/1/2018
Peddapalli,1/12/2018,December,2018,1695,12/1/2018
Rajanna Sircilla ,1/1/2018,January,2018,2238074,1/1/2018
Rajanna Sircilla ,1/2/2018,February,2018,1021787,2/1/2018
Rajanna Sircilla ,1/3/2018,March,2018,1022669,3/1/2018
Rajanna Sircilla ,1/4/2018,April,2018,833874,4/1/2018
Rajanna Sircilla ,1/5/2018,May,2018,1021952,5/1/2018
Rajanna Sircilla ,1/6/2018,June,2018,320886,6/1/2018
Rajanna Sircilla ,1/7/2018,July,2018,937720,7/1/2018
Rajanna Sircilla ,1/8/2018,August,2018,320952,8/1/2018
Rajanna Sircilla ,1/9/2018,September,2018,818693,9/1/2018
Rajanna Sircilla ,1/10/2018,October,2018,506563,10/1/2018
Rajanna Sircilla ,1/11/2018,November,2018,840933,11/1/2018
Rajanna Sircilla ,1/12/2018,December,2018,950128,12/1/2018
Ranga Reddy,1/1/2018,January,2018,0,1/1/2018
Ranga Reddy,1/2/2018,February,2018,0,2/1/2018
Ranga Reddy,1/3/2018,March,2018,0,3/1/2018
Ranga Reddy,1/4/2018,April,2018,0,4/1/2018
Ranga Reddy,1/5/2018,May,2018,0,5/1/2018
Ranga Reddy,1/6/2018,June,2018,0,6/1/2018
Ranga Reddy,1/7/2018,July,2018,0,7/1/2018
Ranga Reddy,1/8/2018,August,2018,0,8/1/2018
Ranga Reddy,1/9/2018,September,2018,0,9/1/2018
Ranga Reddy,1/10/2018,October,2018,0,10/1/2018
Ranga Reddy,1/11/2018,November,2018,0,11/1/2018
Ranga Reddy,1/12/2018,December,2018,0,12/1/2018
Sangareddy ,1/1/2018,January,2018,254000,1/1/2018
Sangareddy ,1/2/2018,February,2018,540000,2/1/2018
Sangareddy ,1/3/2018,March,2018,158500,3/1/2018
Sangareddy ,1/4/2018,April,2018,162500,4/1/2018
Sangareddy ,1/5/2018,May,2018,157000,5/1/2018
Sangareddy ,1/6/2018,June,2018,93500,6/1/2018
Sangareddy ,1/7/2018,July,2018,108600,7/1/2018
Sangareddy ,1/8/2018,August,2018,205000,8/1/2018
Sangareddy ,1/9/2018,September,2018,125000,9/1/2018
Sangareddy ,1/10/2018,October,2018,171800,10/1/2018
Sangareddy ,1/11/2018,November,2018,160000,11/1/2018
Sangareddy ,1/12/2018,December,2018,134000,12/1/2018
Siddipet,1/1/2018,January,2018,253000,1/1/2018
Siddipet,1/2/2018,February,2018,44000,2/1/2018
Siddipet,1/3/2018,March,2018,164800,3/1/2018
Siddipet,1/4/2018,April,2018,115000,4/1/2018
Siddipet,1/5/2018,May,2018,165200,5/1/2018
Siddipet,1/6/2018,June,2018,104300,6/1/2018
Siddipet,1/7/2018,July,2018,54000,7/1/2018
Siddipet,1/8/2018,August,2018,100000,8/1/2018
Siddipet,1/9/2018,September,2018,55000,9/1/2018
Siddipet,1/10/2018,October,2018,43000,10/1/2018
Siddipet,1/11/2018,November,2018,135000,11/1/2018
Siddipet,1/12/2018,December,2018,50000,12/1/2018
Suryapet,1/1/2018,January,2018,0,1/1/2018
Suryapet,1/2/2018,February,2018,0,2/1/2018
Suryapet,1/3/2018,March,2018,0,3/1/2018
Suryapet,1/4/2018,April,2018,0,4/1/2018
Suryapet,1/5/2018,May,2018,0,5/1/2018
Suryapet,1/6/2018,June,2018,0,6/1/2018
Suryapet,1/7/2018,July,2018,0,7/1/2018
Suryapet,1/8/2018,August,2018,0,8/1/2018
Suryapet,1/9/2018,September,2018,0,9/1/2018
Suryapet,1/10/2018,October,2018,0,10/1/2018
Suryapet,1/11/2018,November,2018,0,11/1/2018
Suryapet,1/12/2018,December,2018,0,12/1/2018
Vikarabad,1/1/2018,January,2018,0,1/1/2018
Vikarabad,1/2/2018,February,2018,0,2/1/2018
Vikarabad,1/3/2018,March,2018,0,3/1/2018
Vikarabad,1/4/2018,April,2018,0,4/1/2018
Vikarabad,1/5/2018,May,2018,0,5/1/2018
Vikarabad,1/6/2018,June,2018,0,6/1/2018
Vikarabad,1/7/2018,July,2018,0,7/1/2018
Vikarabad,1/8/2018,August,2018,0,8/1/2018
Vikarabad,1/9/2018,September,2018,0,9/1/2018
Vikarabad,1/10/2018,October,2018,0,10/1/2018
Vikarabad,1/11/2018,November,2018,0,11/1/2018
Vikarabad,1/12/2018,December,2018,0,12/1/2018
Wanaparthy ,1/1/2018,January,2018,28131,1/1/2018
Wanaparthy ,1/2/2018,February,2018,22341,2/1/2018
Wanaparthy ,1/3/2018,March,2018,20050,3/1/2018
Wanaparthy ,1/4/2018,April,2018,10550,4/1/2018
Wanaparthy ,1/5/2018,May,2018,11502,5/1/2018
Wanaparthy ,1/6/2018,June,2018,19092,6/1/2018
Wanaparthy ,1/7/2018,July,2018,32625,7/1/2018
Wanaparthy ,1/8/2018,August,2018,35860,8/1/2018
Wanaparthy ,1/9/2018,September,2018,32002,9/1/2018
Wanaparthy ,1/10/2018,October,2018,21234,10/1/2018
Wanaparthy ,1/11/2018,November,2018,32657,11/1/2018
Wanaparthy ,1/12/2018,December,2018,20556,12/1/2018
Warangal (Rural),1/1/2018,January,2018,25200,1/1/2018
Warangal (Rural),1/2/2018,February,2018,26300,2/1/2018
Warangal (Rural),1/3/2018,March,2018,26200,3/1/2018
Warangal (Rural),1/4/2018,April,2018,21600,4/1/2018
Warangal (Rural),1/5/2018,May,2018,22100,5/1/2018
Warangal (Rural),1/6/2018,June,2018,23100,6/1/2018
Warangal (Rural),1/7/2018,July,2018,25900,7/1/2018
Warangal (Rural),1/8/2018,August,2018,25700,8/1/2018
Warangal (Rural),1/9/2018,September,2018,25800,9/1/2018
Warangal (Rural),1/10/2018,October,2018,26000,10/1/2018
Warangal (Rural),1/11/2018,November,2018,24050,11/1/2018
Warangal (Rural),1/12/2018,December,2018,30062,12/1/2018
Warangal (Urban),1/1/2018,January,2018,137530,1/1/2018
Warangal (Urban),1/2/2018,February,2018,145750,2/1/2018
Warangal (Urban),1/3/2018,March,2018,140300,3/1/2018
Warangal (Urban),1/4/2018,April,2018,142510,4/1/2018
Warangal (Urban),1/5/2018,May,2018,143425,5/1/2018
Warangal (Urban),1/6/2018,June,2018,135615,6/1/2018
Warangal (Urban),1/7/2018,July,2018,136560,7/1/2018
Warangal (Urban),1/8/2018,August,2018,136760,8/1/2018
Warangal (Urban),1/9/2018,September,2018,138780,9/1/2018
Warangal (Urban),1/10/2018,October,2018,140948,10/1/2018
Warangal (Urban),1/11/2018,November,2018,144515,11/1/2018
Warangal (Urban),1/12/2018,December,2018,180643,12/1/2018
Yadadri Bhongir,1/1/2018,January,2018,2016000,1/1/2018
Yadadri Bhongir,1/2/2018,February,2018,3073872,2/1/2018
Yadadri Bhongir,1/3/2018,March,2018,2836580,3/1/2018
Yadadri Bhongir,1/4/2018,April,2018,692370,4/1/2018
Yadadri Bhongir,1/5/2018,May,2018,781842,5/1/2018
Yadadri Bhongir,1/6/2018,June,2018,577570,6/1/2018
Yadadri Bhongir,1/7/2018,July,2018,671156,7/1/2018
Yadadri Bhongir,1/8/2018,August,2018,526445,8/1/2018
Yadadri Bhongir,1/9/2018,September,2018,819350,9/1/2018
Yadadri Bhongir,1/10/2018,October,2018,586475,10/1/2018
Yadadri Bhongir,1/11/2018,November,2018,485208,11/1/2018
Yadadri Bhongir,1/12/2018,December,2018,606510,12/1/2018
Adilabad,1/1/2019,January,2019,25071,1/1/2019
Adilabad,1/2/2019,February,2019,406177,2/1/2019
Adilabad,1/3/2019,March,2019,14347,3/1/2019
Adilabad,1/4/2019,April,2019,9972,4/1/2019
Adilabad,1/5/2019,May,2019,6997,5/1/2019
Adilabad,1/6/2019,June,2019,9161,6/1/2019
Adilabad,1/7/2019,July,2019,11791,7/1/2019
Adilabad,1/8/2019,August,2019,108173,8/1/2019
Adilabad,1/9/2019,September,2019,37589,9/1/2019
Adilabad,1/10/2019,October,2019,38184,10/1/2019
Adilabad,1/11/2019,November,2019,70344,11/1/2019
Adilabad,1/12/2019,December,2019,38089,12/1/2019
Bhadradri Kothagudem ,1/1/2019,January,2019,283365,1/1/2019
Bhadradri Kothagudem ,1/2/2019,February,2019,229159,2/1/2019
Bhadradri Kothagudem ,1/3/2019,March,2019,225448,3/1/2019
Bhadradri Kothagudem ,1/4/2019,April,2019,349585,4/1/2019
Bhadradri Kothagudem ,1/5/2019,May,2019,275800,5/1/2019
Bhadradri Kothagudem ,1/6/2019,June,2019,9761776,6/1/2019
Bhadradri Kothagudem ,1/7/2019,July,2019,233338,7/1/2019
Bhadradri Kothagudem ,1/8/2019,August,2019,271941,8/1/2019
Bhadradri Kothagudem ,1/9/2019,September,2019,314199,9/1/2019
Bhadradri Kothagudem ,1/10/2019,October,2019,287432,10/1/2019
Bhadradri Kothagudem ,1/11/2019,November,2019,298366,11/1/2019
Bhadradri Kothagudem ,1/12/2019,December,2019,287328,12/1/2019
Hyderabad,1/1/2019,January,2019,1426500,1/1/2019
Hyderabad,1/2/2019,February,2019,983147,2/1/2019
Hyderabad,1/3/2019,March,2019,1009991,3/1/2019
Hyderabad,1/4/2019,April,2019,1045933,4/1/2019
Hyderabad,1/5/2019,May,2019,1305748,5/1/2019
Hyderabad,1/6/2019,June,2019,1262995,6/1/2019
Hyderabad,1/7/2019,July,2019,1094861,7/1/2019
Hyderabad,1/8/2019,August,2019,1121380,8/1/2019
Hyderabad,1/9/2019,September,2019,959930,9/1/2019
Hyderabad,1/10/2019,October,2019,1240643,10/1/2019
Hyderabad,1/11/2019,November,2019,1073665,11/1/2019
Hyderabad,1/12/2019,December,2019,1277569,12/1/2019
Jagtial ,1/1/2019,January,2019,211913,1/1/2019
Jagtial ,1/2/2019,February,2019,215105,2/1/2019
Jagtial ,1/3/2019,March,2019,194090,3/1/2019
Jagtial ,1/4/2019,April,2019,447226,4/1/2019
Jagtial ,1/5/2019,May,2019,500206,5/1/2019
Jagtial ,1/6/2019,June,2019,235363,6/1/2019
Jagtial ,1/7/2019,July,2019,157419,7/1/2019
Jagtial ,1/8/2019,August,2019,151570,8/1/2019
Jagtial ,1/9/2019,September,2019,157564,9/1/2019
Jagtial ,1/10/2019,October,2019,165070,10/1/2019
Jagtial ,1/11/2019,November,2019,277630,11/1/2019
Jagtial ,1/12/2019,December,2019,372959,12/1/2019
Jangaon ,1/1/2019,January,2019,28750,1/1/2019
Jangaon ,1/2/2019,February,2019,28810,2/1/2019
Jangaon ,1/3/2019,March,2019,27300,3/1/2019
Jangaon ,1/4/2019,April,2019,26160,4/1/2019
Jangaon ,1/5/2019,May,2019,26740,5/1/2019
Jangaon ,1/6/2019,June,2019,25820,6/1/2019
Jangaon ,1/7/2019,July,2019,24160,7/1/2019
Jangaon ,1/8/2019,August,2019,27800,8/1/2019
Jangaon ,1/9/2019,September,2019,28640,9/1/2019
Jangaon ,1/10/2019,October,2019,27840,10/1/2019
Jangaon ,1/11/2019,November,2019,28410,11/1/2019
Jangaon ,1/12/2019,December,2019,28460,12/1/2019
Jayashankar Bhoopalpally,1/1/2019,January,2019,197430,1/1/2019
Jayashankar Bhoopalpally,1/2/2019,February,2019,33500,2/1/2019
Jayashankar Bhoopalpally,1/3/2019,March,2019,37500,3/1/2019
Jayashankar Bhoopalpally,1/4/2019,April,2019,38500,4/1/2019
Jayashankar Bhoopalpally,1/5/2019,May,2019,30800,5/1/2019
Jayashankar Bhoopalpally,1/6/2019,June,2019,40500,6/1/2019
Jayashankar Bhoopalpally,1/7/2019,July,2019,45500,7/1/2019
Jayashankar Bhoopalpally,1/8/2019,August,2019,45000,8/1/2019
Jayashankar Bhoopalpally,1/9/2019,September,2019,50500,9/1/2019
Jayashankar Bhoopalpally,1/10/2019,October,2019,46000,10/1/2019
Jayashankar Bhoopalpally,1/11/2019,November,2019,51500,11/1/2019
Jayashankar Bhoopalpally,1/12/2019,December,2019,45800,12/1/2019
Jogulamba Gadwal ,1/1/2019,January,2019,146441,1/1/2019
Jogulamba Gadwal ,1/2/2019,February,2019,481110,2/1/2019
Jogulamba Gadwal ,1/3/2019,March,2019,155013,3/1/2019
Jogulamba Gadwal ,1/4/2019,April,2019,82334,4/1/2019
Jogulamba Gadwal ,1/5/2019,May,2019,154609,5/1/2019
Jogulamba Gadwal ,1/6/2019,June,2019,155013,6/1/2019
Jogulamba Gadwal ,1/7/2019,July,2019,114951,7/1/2019
Jogulamba Gadwal ,1/8/2019,August,2019,123733,8/1/2019
Jogulamba Gadwal ,1/9/2019,September,2019,131485,9/1/2019
Jogulamba Gadwal ,1/10/2019,October,2019,152898,10/1/2019
Jogulamba Gadwal ,1/11/2019,November,2019,128075,11/1/2019
Jogulamba Gadwal ,1/12/2019,December,2019,182333,12/1/2019
Kamareddy ,1/1/2019,January,2019,42,1/1/2019
Kamareddy ,1/2/2019,February,2019,41,2/1/2019
Kamareddy ,1/3/2019,March,2019,45,3/1/2019
Kamareddy ,1/4/2019,April,2019,41,4/1/2019
Kamareddy ,1/5/2019,May,2019,46,5/1/2019
Kamareddy ,1/6/2019,June,2019,41,6/1/2019
Kamareddy ,1/7/2019,July,2019,50,7/1/2019
Kamareddy ,1/8/2019,August,2019,50,8/1/2019
Kamareddy ,1/9/2019,September,2019,41,9/1/2019
Kamareddy ,1/10/2019,October,2019,46,10/1/2019
Kamareddy ,1/11/2019,November,2019,46,11/1/2019
Kamareddy ,1/12/2019,December,2019,45,12/1/2019
Karimnagar ,1/1/2019,January,2019,10285,1/1/2019
Karimnagar ,1/2/2019,February,2019,6480,2/1/2019
Karimnagar ,1/3/2019,March,2019,6634,3/1/2019
Karimnagar ,1/4/2019,April,2019,5623,4/1/2019
Karimnagar ,1/5/2019,May,2019,3393,5/1/2019
Karimnagar ,1/6/2019,June,2019,3871,6/1/2019
Karimnagar ,1/7/2019,July,2019,5192,7/1/2019
Karimnagar ,1/8/2019,August,2019,5480,8/1/2019
Karimnagar ,1/9/2019,September,2019,8735,9/1/2019
Karimnagar ,1/10/2019,October,2019,6799,10/1/2019
Karimnagar ,1/11/2019,November,2019,7101,11/1/2019
Karimnagar ,1/12/2019,December,2019,7898,12/1/2019
Khammam,1/1/2019,January,2019,123550,1/1/2019
Khammam,1/2/2019,February,2019,98471,2/1/2019
Khammam,1/3/2019,March,2019,91340,3/1/2019
Khammam,1/4/2019,April,2019,135920,4/1/2019
Khammam,1/5/2019,May,2019,130971,5/1/2019
Khammam,1/6/2019,June,2019,127270,6/1/2019
Khammam,1/7/2019,July,2019,103260,7/1/2019
Khammam,1/8/2019,August,2019,111374,8/1/2019
Khammam,1/9/2019,September,2019,133754,9/1/2019
Khammam,1/10/2019,October,2019,128625,10/1/2019
Khammam,1/11/2019,November,2019,104380,11/1/2019
Khammam,1/12/2019,December,2019,124525,12/1/2019
Komaram Bheem Asifabad,1/1/2019,January,2019,2476,1/1/2019
Komaram Bheem Asifabad,1/2/2019,February,2019,1449,2/1/2019
Komaram Bheem Asifabad,1/3/2019,March,2019,1212,3/1/2019
Komaram Bheem Asifabad,1/4/2019,April,2019,663,4/1/2019
Komaram Bheem Asifabad,1/5/2019,May,2019,493,5/1/2019
Komaram Bheem Asifabad,1/6/2019,June,2019,506,6/1/2019
Komaram Bheem Asifabad,1/7/2019,July,2019,1287,7/1/2019
Komaram Bheem Asifabad,1/8/2019,August,2019,2572,8/1/2019
Komaram Bheem Asifabad,1/9/2019,September,2019,1629,9/1/2019
Komaram Bheem Asifabad,1/10/2019,October,2019,1943,10/1/2019
Komaram Bheem Asifabad,1/11/2019,November,2019,2176,11/1/2019
Komaram Bheem Asifabad,1/12/2019,December,2019,2783,12/1/2019
Mahabubabad ,1/1/2019,January,2019,13480,1/1/2019
Mahabubabad ,1/2/2019,February,2019,13545,2/1/2019
Mahabubabad ,1/3/2019,March,2019,13490,3/1/2019
Mahabubabad ,1/4/2019,April,2019,12980,4/1/2019
Mahabubabad ,1/5/2019,May,2019,11970,5/1/2019
Mahabubabad ,1/6/2019,June,2019,11460,6/1/2019
Mahabubabad ,1/7/2019,July,2019,13470,7/1/2019
Mahabubabad ,1/8/2019,August,2019,12190,8/1/2019
Mahabubabad ,1/9/2019,September,2019,13210,9/1/2019
Mahabubabad ,1/10/2019,October,2019,12260,10/1/2019
Mahabubabad ,1/11/2019,November,2019,12470,11/1/2019
Mahabubabad ,1/12/2019,December,2019,12360,12/1/2019
Mahbubnagar,1/1/2019,January,2019,168082,1/1/2019
Mahbubnagar,1/2/2019,February,2019,798949,2/1/2019
Mahbubnagar,1/3/2019,March,2019,173658,3/1/2019
Mahbubnagar,1/4/2019,April,2019,183268,4/1/2019
Mahbubnagar,1/5/2019,May,2019,175202,5/1/2019
Mahbubnagar,1/6/2019,June,2019,175853,6/1/2019
Mahbubnagar,1/7/2019,July,2019,100398,7/1/2019
Mahbubnagar,1/8/2019,August,2019,104787,8/1/2019
Mahbubnagar,1/9/2019,September,2019,141387,9/1/2019
Mahbubnagar,1/10/2019,October,2019,130227,10/1/2019
Mahbubnagar,1/11/2019,November,2019,234066,11/1/2019
Mahbubnagar,1/12/2019,December,2019,148938,12/1/2019
Mancherial,1/1/2019,January,2019,18420,1/1/2019
Mancherial,1/2/2019,February,2019,26325,2/1/2019
Mancherial,1/3/2019,March,2019,16253,3/1/2019
Mancherial,1/4/2019,April,2019,23026,4/1/2019
Mancherial,1/5/2019,May,2019,26616,5/1/2019
Mancherial,1/6/2019,June,2019,24593,6/1/2019
Mancherial,1/7/2019,July,2019,22303,7/1/2019
Mancherial,1/8/2019,August,2019,21191,8/1/2019
Mancherial,1/9/2019,September,2019,24079,9/1/2019
Mancherial,1/10/2019,October,2019,20867,10/1/2019
Mancherial,1/11/2019,November,2019,29302,11/1/2019
Mancherial,1/12/2019,December,2019,16835,12/1/2019
Medak ,1/1/2019,January,2019,400000,1/1/2019
Medak ,1/2/2019,February,2019,600000,2/1/2019
Medak ,1/3/2019,March,2019,1000000,3/1/2019
Medak ,1/4/2019,April,2019,650000,4/1/2019
Medak ,1/5/2019,May,2019,400000,5/1/2019
Medak ,1/6/2019,June,2019,300000,6/1/2019
Medak ,1/7/2019,July,2019,350000,7/1/2019
Medak ,1/8/2019,August,2019,349900,8/1/2019
Medak ,1/9/2019,September,2019,350400,9/1/2019
Medak ,1/10/2019,October,2019,350000,10/1/2019
Medak ,1/11/2019,November,2019,351560,11/1/2019
Medak ,1/12/2019,December,2019,350710,12/1/2019
Medchal ,1/1/2019,January,2019,0,1/1/2019
Medchal ,1/2/2019,February,2019,0,2/1/2019
Medchal ,1/3/2019,March,2019,0,3/1/2019
Medchal ,1/4/2019,April,2019,0,4/1/2019
Medchal ,1/5/2019,May,2019,0,5/1/2019
Medchal ,1/6/2019,June,2019,0,6/1/2019
Medchal ,1/7/2019,July,2019,0,7/1/2019
Medchal ,1/8/2019,August,2019,0,8/1/2019
Medchal ,1/9/2019,September,2019,0,9/1/2019
Medchal ,1/10/2019,October,2019,0,10/1/2019
Medchal ,1/11/2019,November,2019,0,11/1/2019
Medchal ,1/12/2019,December,2019,0,12/1/2019
Mulugu,1/1/2019,January,2019,0,1/1/2019
Mulugu,1/2/2019,February,2019,159640,2/1/2019
Mulugu,1/3/2019,March,2019,156610,3/1/2019
Mulugu,1/4/2019,April,2019,152570,4/1/2019
Mulugu,1/5/2019,May,2019,154550,5/1/2019
Mulugu,1/6/2019,June,2019,163480,6/1/2019
Mulugu,1/7/2019,July,2019,167700,7/1/2019
Mulugu,1/8/2019,August,2019,171050,8/1/2019
Mulugu,1/9/2019,September,2019,172900,9/1/2019
Mulugu,1/10/2019,October,2019,172500,10/1/2019
Mulugu,1/11/2019,November,2019,173700,11/1/2019
Mulugu,1/12/2019,December,2019,175100,12/1/2019
Nagarkurnool ,1/1/2019,January,2019,228812,1/1/2019
Nagarkurnool ,1/2/2019,February,2019,286258,2/1/2019
Nagarkurnool ,1/3/2019,March,2019,184508,3/1/2019
Nagarkurnool ,1/4/2019,April,2019,121460,4/1/2019
Nagarkurnool ,1/5/2019,May,2019,184372,5/1/2019
Nagarkurnool ,1/6/2019,June,2019,184508,6/1/2019
Nagarkurnool ,1/7/2019,July,2019,93450,7/1/2019
Nagarkurnool ,1/8/2019,August,2019,118010,8/1/2019
Nagarkurnool ,1/9/2019,September,2019,175712,9/1/2019
Nagarkurnool ,1/10/2019,October,2019,196160,10/1/2019
Nagarkurnool ,1/11/2019,November,2019,121425,11/1/2019
Nagarkurnool ,1/12/2019,December,2019,198637,12/1/2019
Nalgonda,1/1/2019,January,2019,21284,1/1/2019
Nalgonda,1/2/2019,February,2019,13697,2/1/2019
Nalgonda,1/3/2019,March,2019,8467,3/1/2019
Nalgonda,1/4/2019,April,2019,7202,4/1/2019
Nalgonda,1/5/2019,May,2019,26338,5/1/2019
Nalgonda,1/6/2019,June,2019,5558,6/1/2019
Nalgonda,1/7/2019,July,2019,19783,7/1/2019
Nalgonda,1/8/2019,August,2019,7473,8/1/2019
Nalgonda,1/9/2019,September,2019,5230,9/1/2019
Nalgonda,1/10/2019,October,2019,5290,10/1/2019
Nalgonda,1/11/2019,November,2019,7177,11/1/2019
Nalgonda,1/12/2019,December,2019,13419,12/1/2019
Narayanapet,1/1/2019,January,2019,0,1/1/2019
Narayanapet,1/2/2019,February,2019,0,2/1/2019
Narayanapet,1/3/2019,March,2019,0,3/1/2019
Narayanapet,1/4/2019,April,2019,0,4/1/2019
Narayanapet,1/5/2019,May,2019,0,5/1/2019
Narayanapet,1/6/2019,June,2019,0,6/1/2019
Narayanapet,1/7/2019,July,2019,68842,7/1/2019
Narayanapet,1/8/2019,August,2019,72249,8/1/2019
Narayanapet,1/9/2019,September,2019,62841,9/1/2019
Narayanapet,1/10/2019,October,2019,58213,10/1/2019
Narayanapet,1/11/2019,November,2019,62750,11/1/2019
Narayanapet,1/12/2019,December,2019,64355,12/1/2019
Nirmal,1/1/2019,January,2019,313675,1/1/2019
Nirmal,1/2/2019,February,2019,443898,2/1/2019
Nirmal,1/3/2019,March,2019,424964,3/1/2019
Nirmal,1/4/2019,April,2019,327971,4/1/2019
Nirmal,1/5/2019,May,2019,149705,5/1/2019
Nirmal,1/6/2019,June,2019,349747,6/1/2019
Nirmal,1/7/2019,July,2019,359495,7/1/2019
Nirmal,1/8/2019,August,2019,334646,8/1/2019
Nirmal,1/9/2019,September,2019,299827,9/1/2019
Nirmal,1/10/2019,October,2019,263412,10/1/2019
Nirmal,1/11/2019,November,2019,253388,11/1/2019
Nirmal,1/12/2019,December,2019,296050,12/1/2019
Nizamabad,1/1/2019,January,2019,878,1/1/2019
Nizamabad,1/2/2019,February,2019,915,2/1/2019
Nizamabad,1/3/2019,March,2019,938,3/1/2019
Nizamabad,1/4/2019,April,2019,958,4/1/2019
Nizamabad,1/5/2019,May,2019,1193,5/1/2019
Nizamabad,1/6/2019,June,2019,686,6/1/2019
Nizamabad,1/7/2019,July,2019,990,7/1/2019
Nizamabad,1/8/2019,August,2019,1004,8/1/2019
Nizamabad,1/9/2019,September,2019,6572,9/1/2019
Nizamabad,1/10/2019,October,2019,8849,10/1/2019
Nizamabad,1/11/2019,November,2019,11950,11/1/2019
Nizamabad,1/12/2019,December,2019,11400,12/1/2019
Peddapalli,1/1/2019,January,2019,1055,1/1/2019
Peddapalli,1/2/2019,February,2019,1157,2/1/2019
Peddapalli,1/3/2019,March,2019,895,3/1/2019
Peddapalli,1/4/2019,April,2019,942,4/1/2019
Peddapalli,1/5/2019,May,2019,802,5/1/2019
Peddapalli,1/6/2019,June,2019,735,6/1/2019
Peddapalli,1/7/2019,July,2019,1085,7/1/2019
Peddapalli,1/8/2019,August,2019,1505,8/1/2019
Peddapalli,1/9/2019,September,2019,1785,9/1/2019
Peddapalli,1/10/2019,October,2019,2080,10/1/2019
Peddapalli,1/11/2019,November,2019,2225,11/1/2019
Peddapalli,1/12/2019,December,2019,2315,12/1/2019
Rajanna Sircilla ,1/1/2019,January,2019,6188298,1/1/2019
Rajanna Sircilla ,1/2/2019,February,2019,1015550,2/1/2019
Rajanna Sircilla ,1/3/2019,March,2019,1444971,3/1/2019
Rajanna Sircilla ,1/4/2019,April,2019,1148062,4/1/2019
Rajanna Sircilla ,1/5/2019,May,2019,1018131,5/1/2019
Rajanna Sircilla ,1/6/2019,June,2019,1128849,6/1/2019
Rajanna Sircilla ,1/7/2019,July,2019,422961,7/1/2019
Rajanna Sircilla ,1/8/2019,August,2019,586118,8/1/2019
Rajanna Sircilla ,1/9/2019,September,2019,501293,9/1/2019
Rajanna Sircilla ,1/10/2019,October,2019,646492,10/1/2019
Rajanna Sircilla ,1/11/2019,November,2019,1259371,11/1/2019
Rajanna Sircilla ,1/12/2019,December,2019,1472801,12/1/2019
Ranga Reddy,1/1/2019,January,2019,0,1/1/2019
Ranga Reddy,1/2/2019,February,2019,0,2/1/2019
Ranga Reddy,1/3/2019,March,2019,0,3/1/2019
Ranga Reddy,1/4/2019,April,2019,0,4/1/2019
Ranga Reddy,1/5/2019,May,2019,0,5/1/2019
Ranga Reddy,1/6/2019,June,2019,0,6/1/2019
Ranga Reddy,1/7/2019,July,2019,0,7/1/2019
Ranga Reddy,1/8/2019,August,2019,0,8/1/2019
Ranga Reddy,1/9/2019,September,2019,0,9/1/2019
Ranga Reddy,1/10/2019,October,2019,0,10/1/2019
Ranga Reddy,1/11/2019,November,2019,0,11/1/2019
Ranga Reddy,1/12/2019,December,2019,0,12/1/2019
Sangareddy ,1/1/2019,January,2019,144000,1/1/2019
Sangareddy ,1/2/2019,February,2019,148000,2/1/2019
Sangareddy ,1/3/2019,March,2019,747000,3/1/2019
Sangareddy ,1/4/2019,April,2019,205000,4/1/2019
Sangareddy ,1/5/2019,May,2019,133000,5/1/2019
Sangareddy ,1/6/2019,June,2019,347000,6/1/2019
Sangareddy ,1/7/2019,July,2019,467000,7/1/2019
Sangareddy ,1/8/2019,August,2019,466150,8/1/2019
Sangareddy ,1/9/2019,September,2019,468350,9/1/2019
Sangareddy ,1/10/2019,October,2019,467470,10/1/2019
Sangareddy ,1/11/2019,November,2019,481720,11/1/2019
Sangareddy ,1/12/2019,December,2019,478470,12/1/2019
Siddipet,1/1/2019,January,2019,140793,1/1/2019
Siddipet,1/2/2019,February,2019,199549,2/1/2019
Siddipet,1/3/2019,March,2019,204600,3/1/2019
Siddipet,1/4/2019,April,2019,184412,4/1/2019
Siddipet,1/5/2019,May,2019,110500,5/1/2019
Siddipet,1/6/2019,June,2019,1037000,6/1/2019
Siddipet,1/7/2019,July,2019,179320,7/1/2019
Siddipet,1/8/2019,August,2019,190750,8/1/2019
Siddipet,1/9/2019,September,2019,122550,9/1/2019
Siddipet,1/10/2019,October,2019,191330,10/1/2019
Siddipet,1/11/2019,November,2019,209130,11/1/2019
Siddipet,1/12/2019,December,2019,217930,12/1/2019
Suryapet,1/1/2019,January,2019,0,1/1/2019
Suryapet,1/2/2019,February,2019,0,2/1/2019
Suryapet,1/3/2019,March,2019,0,3/1/2019
Suryapet,1/4/2019,April,2019,0,4/1/2019
Suryapet,1/5/2019,May,2019,0,5/1/2019
Suryapet,1/6/2019,June,2019,0,6/1/2019
Suryapet,1/7/2019,July,2019,0,7/1/2019
Suryapet,1/8/2019,August,2019,0,8/1/2019
Suryapet,1/9/2019,September,2019,0,9/1/2019
Suryapet,1/10/2019,October,2019,0,10/1/2019
Suryapet,1/11/2019,November,2019,0,11/1/2019
Suryapet,1/12/2019,December,2019,0,12/1/2019
Vikarabad,1/1/2019,January,2019,0,1/1/2019
Vikarabad,1/2/2019,February,2019,0,2/1/2019
Vikarabad,1/3/2019,March,2019,0,3/1/2019
Vikarabad,1/4/2019,April,2019,0,4/1/2019
Vikarabad,1/5/2019,May,2019,0,5/1/2019
Vikarabad,1/6/2019,June,2019,0,6/1/2019
Vikarabad,1/7/2019,July,2019,0,7/1/2019
Vikarabad,1/8/2019,August,2019,0,8/1/2019
Vikarabad,1/9/2019,September,2019,0,9/1/2019
Vikarabad,1/10/2019,October,2019,0,10/1/2019
Vikarabad,1/11/2019,November,2019,0,11/1/2019
Vikarabad,1/12/2019,December,2019,0,12/1/2019
Wanaparthy ,1/1/2019,January,2019,28131,1/1/2019
Wanaparthy ,1/2/2019,February,2019,22342,2/1/2019
Wanaparthy ,1/3/2019,March,2019,20050,3/1/2019
Wanaparthy ,1/4/2019,April,2019,23749,4/1/2019
Wanaparthy ,1/5/2019,May,2019,20010,5/1/2019
Wanaparthy ,1/6/2019,June,2019,20050,6/1/2019
Wanaparthy ,1/7/2019,July,2019,32625,7/1/2019
Wanaparthy ,1/8/2019,August,2019,35860,8/1/2019
Wanaparthy ,1/9/2019,September,2019,21375,9/1/2019
Wanaparthy ,1/10/2019,October,2019,21234,10/1/2019
Wanaparthy ,1/11/2019,November,2019,32657,11/1/2019
Wanaparthy ,1/12/2019,December,2019,20556,12/1/2019
Warangal (Rural),1/1/2019,January,2019,28700,1/1/2019
Warangal (Rural),1/2/2019,February,2019,28800,2/1/2019
Warangal (Rural),1/3/2019,March,2019,29000,3/1/2019
Warangal (Rural),1/4/2019,April,2019,26900,4/1/2019
Warangal (Rural),1/5/2019,May,2019,24900,5/1/2019
Warangal (Rural),1/6/2019,June,2019,27100,6/1/2019
Warangal (Rural),1/7/2019,July,2019,28600,7/1/2019
Warangal (Rural),1/8/2019,August,2019,31600,8/1/2019
Warangal (Rural),1/9/2019,September,2019,32600,9/1/2019
Warangal (Rural),1/10/2019,October,2019,31100,10/1/2019
Warangal (Rural),1/11/2019,November,2019,32150,11/1/2019
Warangal (Rural),1/12/2019,December,2019,32050,12/1/2019
Warangal (Urban),1/1/2019,January,2019,151545,1/1/2019
Warangal (Urban),1/2/2019,February,2019,157755,2/1/2019
Warangal (Urban),1/3/2019,March,2019,154305,3/1/2019
Warangal (Urban),1/4/2019,April,2019,150425,4/1/2019
Warangal (Urban),1/5/2019,May,2019,143230,5/1/2019
Warangal (Urban),1/6/2019,June,2019,144400,6/1/2019
Warangal (Urban),1/7/2019,July,2019,145440,7/1/2019
Warangal (Urban),1/8/2019,August,2019,148030,8/1/2019
Warangal (Urban),1/9/2019,September,2019,151070,9/1/2019
Warangal (Urban),1/10/2019,October,2019,147450,10/1/2019
Warangal (Urban),1/11/2019,November,2019,153880,11/1/2019
Warangal (Urban),1/12/2019,December,2019,147700,12/1/2019
Yadadri Bhongir,1/1/2019,January,2019,479293,1/1/2019
Yadadri Bhongir,1/2/2019,February,2019,56525,2/1/2019
Yadadri Bhongir,1/3/2019,March,2019,481923,3/1/2019
Yadadri Bhongir,1/4/2019,April,2019,441150,4/1/2019
Yadadri Bhongir,1/5/2019,May,2019,345790,5/1/2019
Yadadri Bhongir,1/6/2019,June,2019,370566,6/1/2019
Yadadri Bhongir,1/7/2019,July,2019,332770,7/1/2019
Yadadri Bhongir,1/8/2019,August,2019,389010,8/1/2019
Yadadri Bhongir,1/9/2019,September,2019,366862,9/1/2019
Yadadri Bhongir,1/10/2019,October,2019,381860,10/1/2019
Yadadri Bhongir,1/11/2019,November,2019,365990,11/1/2019
Yadadri Bhongir,1/12/2019,December,2019,477635,12/1/2019
